Días;Meses;Country;Response_measure;date_start;date_end
;1;Austria;AdaptationOfWorkplace;16/3/2020;13/4/2020
;6;Austria;BanOnAllEvents;3/11/2020;18/5/2021
;2;Austria;ClosDaycare;16/3/2020;4/5/2020
;1;Austria;ClosDaycare;17/11/2020;7/12/2020
;6;Austria;ClosHigh;16/3/2020;30/9/2020
;;Austria;ClosHighPartial;3/11/2020;
;1;Austria;ClosPrim;17/11/2020;7/12/2020
;2;Austria;ClosPrim;26/12/2020;6/2/2021
;2;Austria;ClosPrimPartial;16/3/2020;18/5/2020
;1;Austria;ClosPubAny;16/3/2020;13/4/2020
12;0;Austria;ClosPubAny;2/5/2020;14/5/2020
;1;Austria;ClosPubAny;16/11/2020;6/12/2020
;2;Austria;ClosPubAny;28/12/2020;6/2/2021
;1;Austria;ClosPubAnyPartial;14/4/2020;1/5/2020
;6;Austria;ClosPubAnyPartial;15/5/2020;15/11/2020
20;0;Austria;ClosPubAnyPartial;7/12/2020;27/12/2020
;3;Austria;ClosSec;3/11/2020;7/2/2021
;3;Austria;ClosSecPartial;16/3/2020;3/6/2020
;1;Austria;EntertainmentVenues;16/3/2020;30/4/2020
;3;Austria;EntertainmentVenues;3/11/2020;7/2/2021
;6;Austria;GymsSportsCentres;3/11/2020;18/5/2021
;2;Austria;HotelsOtherAccommodation;31/3/2020;29/5/2020
;6;Austria;HotelsOtherAccommodation;3/11/2020;18/5/2021
;3;Austria;IndoorOver100;11/3/2020;30/6/2020
;1;Austria;IndoorOver1000;1/8/2020;13/9/2020
;2;Austria;IndoorOver50;14/9/2020;2/11/2020
30;0;Austria;IndoorOver500;1/7/2020;31/7/2020
;9;Austria;MasksMandatoryAllSpaces;14/9/2020;9/6/2021
;1;Austria;MasksMandatoryClosedSpacesPartial;15/6/2020;8/7/2020
;1;Austria;MasksVoluntaryClosedSpacesPartial;31/3/2020;5/4/2020
;6;Austria;MassGather50;3/11/2020;18/5/2021
;2;Austria;MassGather50Partial;14/9/2020;2/11/2020
;4;Austria;MassGatherAll;11/3/2020;31/7/2020
;6;Austria;MassGatherAll;3/11/2020;18/5/2021
;3;Austria;MassGatherAllPartial;1/8/2020;2/11/2020
;1;Austria;NonEssentialShops;16/3/2020;13/4/2020
;1;Austria;NonEssentialShops;17/11/2020;6/12/2020
;2;Austria;NonEssentialShops;26/12/2020;7/2/2021
;1;Austria;NonEssentialShopsPartial;14/4/2020;1/5/2020
18;0;Austria;NonEssentialShopsPartial;7/12/2020;25/12/2020
;2;Austria;OutdoorOver100;14/9/2020;2/11/2020
;1;Austria;OutdoorOver1000;1/8/2020;13/9/2020
;4;Austria;OutdoorOver500;11/3/2020;31/7/2020
;2;Austria;PlaceOfWorship;16/3/2020;14/5/2020
;1;Austria;PlaceOfWorship;16/11/2020;6/12/2020
;2;Austria;PlaceOfWorship;28/12/2020;6/2/2021
;6;Austria;PlaceOfWorshipPartial;15/5/2020;15/11/2020
20;0;Austria;PlaceOfWorshipPartial;7/12/2020;27/12/2020
;1;Austria;PrivateGatheringRestrictions;16/3/2020;30/4/2020
;1;Austria;PrivateGatheringRestrictions;23/10/2020;16/11/2020
;;Austria;QuarantineForInternationalTravellers;10/3/2020;
;2;Austria;RestaurantsCafes;16/3/2020;14/5/2020
;6;Austria;RestaurantsCafes;3/11/2020;14/5/2021
;6;Austria;SocialCircle;17/11/2020;18/5/2021
5;0;Austria;StayHomeGen;10/3/2020;15/3/2020
;1;Austria;StayHomeOrder;16/3/2020;30/4/2020
;1;Austria;StayHomeOrder;17/11/2020;6/12/2020
;2;Austria;StayHomeOrder;26/12/2020;7/2/2021
13;0;Austria;StayHomeOrderPartial;3/11/2020;16/11/2020
18;0;Austria;StayHomeOrderPartial;7/12/2020;25/12/2020
;;Austria;Teleworking;10/3/2020;
;4;Belgium;BanOnAllEvents;2/11/2020;7/3/2021
;1;Belgium;ClosDaycare;1/5/2020;2/6/2020
3;0;Belgium;ClosDaycare;12/11/2020;15/11/2020
;6;Belgium;ClosHigh;13/3/2020;20/9/2020
;11;Belgium;ClosHighPartial;21/9/2020;29/8/2021
;2;Belgium;ClosPrim;13/3/2020;17/5/2020
4;0;Belgium;ClosPrim;12/11/2020;16/11/2020
;1;Belgium;ClosPrimPartial;18/5/2020;8/6/2020
;2;Belgium;ClosPubAny;13/3/2020;3/5/2020
;;Belgium;ClosPubAnyPartial;4/5/2020;
;2;Belgium;ClosSec;13/3/2020;17/5/2020
3;0;Belgium;ClosSec;12/11/2020;15/11/2020
;3;Belgium;ClosSecPartial;18/5/2020;28/8/2020
;2;Belgium;EntertainmentVenues;13/3/2020;17/5/2020
;5;Belgium;EntertainmentVenues;2/11/2020;12/4/2021
;6;Belgium;EntertainmentVenuesPartial;18/5/2020;1/11/2020
;2;Belgium;GymsSportsCentres;13/3/2020;3/5/2020
;2;Belgium;GymsSportsCentresPartial;4/5/2020;1/7/2020
;;Belgium;GymsSportsCentresPartial;2/11/2020;
7;0;Belgium;IndoorOver1000;10/3/2020;17/3/2020
;4;Belgium;IndoorOver500;1/7/2020;1/11/2020
;;Belgium;MasksMandatoryAllSpacesPartial;4/5/2020;
;4;Belgium;MassGather50;2/11/2020;7/3/2021
7;0;Belgium;MassGatherAll;10/3/2020;17/3/2020
;3;Belgium;MassGatherAll;1/7/2020;18/10/2020
;4;Belgium;MassGatherAll;2/11/2020;7/3/2021
;1;Belgium;MassGatherAllPartial;19/10/2020;1/11/2020
;2;Belgium;NonEssentialShops;13/3/2020;3/5/2020
28;0;Belgium;NonEssentialShops;2/11/2020;30/11/2020
;1;Belgium;NonEssentialShopsPartial;4/5/2020;2/6/2020
;1;Belgium;NonEssentialShopsPartial;19/10/2020;1/11/2020
;;Belgium;NonEssentialShopsPartial;1/12/2020;
;4;Belgium;OutdoorOver500;1/7/2020;1/11/2020
;3;Belgium;PlaceOfWorship;13/3/2020;7/6/2020
;4;Belgium;PlaceOfWorshipPartial;8/6/2020;5/10/2020
;3;Belgium;PrivateGatheringRestrictions;18/3/2020;30/6/2020
;5;Belgium;PrivateGatheringRestrictions;6/10/2020;7/3/2021
;4;Belgium;QuarantineForInternationalTravellers;8/7/2020;24/11/2020
;;Belgium;QuarantineForInternationalTravellers;31/12/2020;
;1;Belgium;QuarantineForInternationalTravellersPartial;25/11/2020;30/12/2020
;1;Belgium;RegionalStayHomeOrderPartial;28/7/2020;26/8/2020
;3;Belgium;RestaurantsCafes;13/3/2020;7/6/2020
;6;Belgium;RestaurantsCafes;19/10/2020;25/4/2021
;4;Belgium;RestaurantsCafesPartial;8/6/2020;18/10/2020
;15;Belgium;SocialCircle;18/3/2020;8/6/2021
;3;Belgium;StayHomeGenPartial;10/5/2020;31/8/2020
;2;Belgium;StayHomeOrder;18/3/2020;9/5/2020
;7;Belgium;StayHomeOrderPartial;16/10/2020;7/5/2021
;3;Belgium;Teleworking;10/3/2020;7/6/2020
;;Belgium;Teleworking;19/10/2020;
;4;Belgium;TeleworkingPartial;8/6/2020;18/10/2020
;6;Bulgaria;AdaptationOfWorkplace;1/10/2020;30/4/2021
;2;Bulgaria;BanOnAllEvents;8/3/2020;14/5/2020
;1;Bulgaria;BanOnAllEventsPartial;15/5/2020;30/6/2020
;2;Bulgaria;ClosDaycare;13/3/2020;21/5/2020
;2;Bulgaria;ClosDaycare;27/11/2020;3/1/2021
;1;Bulgaria;ClosDaycarePartial;22/5/2020;14/6/2020
;2;Bulgaria;ClosHigh;13/3/2020;31/5/2020
;11;Bulgaria;ClosHighPartial;1/6/2020;31/5/2021
;6;Bulgaria;ClosPrim;13/3/2020;14/9/2020
;2;Bulgaria;ClosPrim;27/11/2020;3/1/2021
;2;Bulgaria;ClosPubAny;13/3/2020;17/5/2020
;1;Bulgaria;ClosPubAnyPartial;18/5/2020;14/6/2020
;;Bulgaria;ClosPubAnyPartial;29/10/2020;
;6;Bulgaria;ClosSec;13/3/2020;14/9/2020
;7;Bulgaria;ClosSecPartial;29/10/2020;31/5/2021
;2;Bulgaria;EntertainmentVenues;13/3/2020;17/5/2020
;;Bulgaria;EntertainmentVenuesPartial;14/11/2020;
;2;Bulgaria;GymsSportsCentres;13/3/2020;17/5/2020
;1;Bulgaria;GymsSportsCentresPartial;18/5/2020;14/6/2020
;4;Bulgaria;GymsSportsCentresPartial;27/11/2020;21/3/2021
18;0;Bulgaria;MasksMandatoryAllSpaces;12/4/2020;30/4/2020
;;Bulgaria;MasksMandatoryAllSpacesPartial;1/5/2020;
;1;Bulgaria;MasksVoluntaryAllSpaces;31/3/2020;11/4/2020
;2;Bulgaria;MassGather50;8/3/2020;14/5/2020
;1;Bulgaria;MassGather50Partial;15/5/2020;30/6/2020
4;0;Bulgaria;MassGatherAll;8/3/2020;12/3/2020
;3;Bulgaria;MassGatherAllPartial;13/3/2020;30/6/2020
;2;Bulgaria;NonEssentialShops;13/3/2020;17/5/2020
;2;Bulgaria;NonEssentialShops;27/11/2020;31/1/2021
;3;Bulgaria;PrivateGatheringRestrictions;8/3/2020;30/6/2020
;6;Bulgaria;PrivateGatheringRestrictions;27/11/2020;31/5/2021
;4;Bulgaria;QuarantineForInternationalTravellers;17/3/2020;27/7/2020
;3;Bulgaria;QuarantineForInternationalTravellers;1/8/2020;30/11/2020
3;0;Bulgaria;QuarantineForInternationalTravellersPartial;28/7/2020;31/7/2020
;;Bulgaria;QuarantineForInternationalTravellersPartial;1/12/2020;
;2;Bulgaria;RestaurantsCafes;13/3/2020;31/5/2020
;3;Bulgaria;RestaurantsCafes;27/11/2020;28/2/2021
;1;Bulgaria;RestaurantsCafesPartial;29/10/2020;26/11/2020
;1;Bulgaria;StayHomeGen;24/2/2020;11/3/2020
16;0;Bulgaria;Teleworking;13/3/2020;29/3/2020
;5;Bulgaria;TeleworkingPartial;14/11/2020;30/4/2021
;;Croatia;AdaptationOfWorkplacePartial;28/11/2020;
;2;Croatia;BanOnAllEvents;19/3/2020;4/5/2020
;2;Croatia;ClosDaycare;16/3/2020;10/5/2020
;3;Croatia;ClosHigh;16/3/2020;17/6/2020
;2;Croatia;ClosPrim;16/3/2020;10/5/2020
;1;Croatia;ClosPrimPartial;11/5/2020;17/6/2020
;;Croatia;ClosPubAnyPartial;19/3/2020;
;3;Croatia;ClosSec;16/3/2020;17/6/2020
;1;Croatia;ClosureOfPublicTransport;22/3/2020;27/4/2020
;;Croatia;ClosureOfPublicTransportPartial;28/11/2020;
;2;Croatia;EntertainmentVenuesPartial;19/3/2020;28/5/2020
;13;Croatia;EntertainmentVenuesPartial;28/11/2020;21/12/2021
;2;Croatia;GymsSportsCentres;19/3/2020;12/5/2020
;3;Croatia;GymsSportsCentres;28/11/2020;14/2/2021
;12;Croatia;IndoorOver50;5/5/2020;27/5/2021
;9;Croatia;MasksMandatoryAllSpaces;25/10/2020;2/7/2021
;6;Croatia;MasksMandatoryClosedSpaces;24/4/2020;24/10/2020
;14;Croatia;MassGather50;19/3/2020;27/5/2021
;14;Croatia;MassGatherAll;19/3/2020;27/5/2021
;2;Croatia;NonEssentialShopsPartial;19/3/2020;25/5/2020
;5;Croatia;OutdoorOver50;5/5/2020;26/10/2020
;6;Croatia;OutdoorOver50;28/11/2020;27/5/2021
;;Croatia;PrivateGatheringRestrictions;20/3/2020;
;;Croatia;QuarantineForInternationalTravellersPartial;11/5/2020;
;2;Croatia;RestaurantsCafes;19/3/2020;11/5/2020
;3;Croatia;RestaurantsCafes;28/11/2020;28/2/2021
;6;Croatia;RestaurantsCafesPartial;12/5/2020;27/11/2020
;2;Croatia;StayHomeOrder;23/3/2020;10/5/2020
;;Croatia;StayHomeRiskG;3/3/2020;
;2;Croatia;Teleworking;19/3/2020;27/5/2020
;;Croatia;TeleworkingPartial;28/11/2020;
;3;Cyprus;BanOnAllEvents;10/3/2020;24/6/2020
;6;Cyprus;BanOnAllEventsPartial;5/11/2020;16/5/2021
;3;Cyprus;ClosDaycare;10/3/2020;9/6/2020
;2;Cyprus;ClosHigh;10/3/2020;11/5/2020
;5;Cyprus;ClosHigh;14/12/2020;9/5/2021
;2;Cyprus;ClosPrim;10/3/2020;21/5/2020
;2;Cyprus;ClosPubAny;13/3/2020;3/5/2020
;1;Cyprus;ClosPubAnyPartial;4/5/2020;29/6/2020
;;Cyprus;ClosPubAnyPartial;5/11/2020;
;2;Cyprus;ClosSec;10/3/2020;10/5/2020
;2;Cyprus;ClosSec;14/12/2020;7/2/2021
10;0;Cyprus;ClosSecPartial;11/5/2020;21/5/2020
;2;Cyprus;EntertainmentVenues;16/3/2020;20/5/2020
;2;Cyprus;EntertainmentVenues;11/12/2020;7/2/2021
;1;Cyprus;EntertainmentVenuesPartial;21/5/2020;29/6/2020
;2;Cyprus;GymsSportsCentres;13/3/2020;3/5/2020
;1;Cyprus;GymsSportsCentresPartial;4/5/2020;13/6/2020
;2;Cyprus;HotelsOtherAccommodation;16/3/2020;3/5/2020
;1;Cyprus;HotelsOtherAccommodationPartial;4/5/2020;9/6/2020
;4;Cyprus;IndoorOver100;12/7/2020;4/11/2020
;1;Cyprus;IndoorOver50;25/6/2020;11/7/2020
;;Cyprus;MasksMandatoryAllSpaces;5/11/2020;
;4;Cyprus;MassGather50;10/3/2020;11/7/2020
;6;Cyprus;MassGather50Partial;5/11/2020;16/5/2021
;8;Cyprus;MassGatherAll;10/3/2020;4/11/2020
;6;Cyprus;MassGatherAllPartial;5/11/2020;16/5/2021
;2;Cyprus;NonEssentialShops;16/3/2020;3/5/2020
;1;Cyprus;NonEssentialShopsPartial;4/5/2020;9/6/2020
;2;Cyprus;NonEssentialShopsPartial;11/12/2020;7/2/2021
;4;Cyprus;OutdoorOver100;12/7/2020;4/11/2020
;1;Cyprus;OutdoorOver50;25/6/2020;11/7/2020
;2;Cyprus;PlaceOfWorship;16/3/2020;3/5/2020
;1;Cyprus;PlaceOfWorshipPartial;4/5/2020;1/6/2020
;2;Cyprus;PrivateGatheringRestrictions;31/3/2020;3/5/2020
;3;Cyprus;PrivateGatheringRestrictions;5/11/2020;7/2/2021
;11;Cyprus;QuarantineForInternationalTravellers;30/6/2020;9/5/2021
;2;Cyprus;RestaurantsCafes;16/3/2020;20/5/2020
;3;Cyprus;RestaurantsCafes;11/12/2020;14/3/2021
;1;Cyprus;RestaurantsCafesPartial;21/5/2020;9/6/2020
;1;Cyprus;RestaurantsCafesPartial;5/11/2020;10/12/2020
;2;Cyprus;StayHomeOrder;24/3/2020;3/5/2020
17;0;Cyprus;StayHomeOrderPartial;4/5/2020;21/5/2020
;3;Cyprus;StayHomeOrderPartial;23/10/2020;9/1/2021
;1;Cyprus;WorkplaceClosures;16/3/2020;14/4/2020
;2;Cyprus;WorkplaceClosuresPartial;15/4/2020;29/6/2020
;2;Czechia;AdaptationOfWorkplace;24/3/2020;11/5/2020
;;Czechia;AdaptationOfWorkplace;27/12/2020;
;2;Czechia;BanOnAllEvents;22/10/2020;3/12/2020
;5;Czechia;BanOnAllEvents;18/12/2020;16/5/2021
;2;Czechia;ClosDaycare;11/3/2020;11/5/2020
;2;Czechia;ClosHigh;11/3/2020;10/5/2020
;7;Czechia;ClosHigh;14/10/2020;23/5/2021
;3;Czechia;ClosHighPartial;11/5/2020;31/8/2020
;2;Czechia;ClosPrim;11/3/2020;10/5/2020
;1;Czechia;ClosPrim;14/10/2020;17/11/2020
;4;Czechia;ClosPrim;21/12/2020;11/4/2021
;3;Czechia;ClosPrimPartial;11/5/2020;31/8/2020
11;0;Czechia;ClosPrimPartial;18/11/2020;29/11/2020
;1;Czechia;ClosPubAny;16/3/2020;23/4/2020
;1;Czechia;ClosPubAny;14/10/2020;17/11/2020
5;0;Czechia;ClosPubAnyPartial;10/3/2020;15/3/2020
;6;Czechia;ClosPubAnyPartial;24/4/2020;13/10/2020
;;Czechia;ClosPubAnyPartial;18/11/2020;
;3;Czechia;ClosSec;11/3/2020;7/6/2020
;2;Czechia;ClosSec;14/10/2020;6/12/2020
;5;Czechia;ClosSec;21/12/2020;23/5/2021
;2;Czechia;ClosSecPartial;8/6/2020;31/8/2020
13;0;Czechia;ClosSecPartial;7/12/2020;20/12/2020
;2;Czechia;EntertainmentVenues;16/3/2020;10/5/2020
;2;Czechia;EntertainmentVenues;14/10/2020;2/12/2020
;4;Czechia;EntertainmentVenues;18/12/2020;11/4/2021
2;0;Czechia;EntertainmentVenuesPartial;13/3/2020;15/3/2020
;3;Czechia;EntertainmentVenuesPartial;11/5/2020;31/8/2020
8;0;Czechia;EntertainmentVenuesPartial;5/10/2020;13/10/2020
14;0;Czechia;EntertainmentVenuesPartial;3/12/2020;17/12/2020
;1;Czechia;GymsSportsCentres;13/3/2020;26/4/2020
;2;Czechia;GymsSportsCentres;14/10/2020;2/12/2020
;5;Czechia;GymsSportsCentres;18/12/2020;16/5/2021
;6;Czechia;GymsSportsCentresPartial;27/4/2020;13/10/2020
14;0;Czechia;GymsSportsCentresPartial;3/12/2020;17/12/2020
;2;Czechia;HotelsOtherAccommodation;16/3/2020;25/5/2020
;2;Czechia;HotelsOtherAccommodation;22/10/2020;3/12/2020
;5;Czechia;HotelsOtherAccommodation;18/12/2020;23/5/2021
8;0;Czechia;IndoorOver100;4/3/2020;12/3/2020
14;0;Czechia;IndoorOver100;11/5/2020;25/5/2020
;2;Czechia;IndoorOver1000;22/6/2020;31/8/2020
;1;Czechia;IndoorOver500;26/5/2020;21/6/2020
;1;Czechia;IndoorOver500;1/9/2020;5/10/2020
;4;Czechia;MasksMandatoryAllSpaces;19/3/2020;24/7/2020
;;Czechia;MasksMandatoryAllSpacesPartial;21/10/2020;
;1;Czechia;MasksMandatoryClosedSpaces;1/9/2020;20/10/2020
;1;Czechia;MasksMandatoryClosedSpacesPartial;25/7/2020;31/8/2020
;8;Czechia;MassGather50;22/10/2020;7/6/2021
8;0;Czechia;MassGatherAll;4/3/2020;12/3/2020
;5;Czechia;MassGatherAll;11/5/2020;5/10/2020
;;Czechia;MassGatherAll;22/10/2020;
;2;Czechia;NonEssentialShops;14/3/2020;11/5/2020
;2;Czechia;NonEssentialShops;22/10/2020;2/12/2020
;5;Czechia;NonEssentialShops;27/12/2020;10/5/2021
23;0;Czechia;NonEssentialShopsPartial;3/12/2020;26/12/2020
14;0;Czechia;OutdoorOver100;11/5/2020;25/5/2020
;4;Czechia;OutdoorOver1000;22/6/2020;5/10/2020
13;0;Czechia;OutdoorOver50;4/12/2020;17/12/2020
;1;Czechia;OutdoorOver500;26/5/2020;21/6/2020
;1;Czechia;PlaceOfWorship;16/3/2020;23/4/2020
;1;Czechia;PlaceOfWorship;14/10/2020;17/11/2020
5;0;Czechia;PlaceOfWorshipPartial;10/3/2020;15/3/2020
;6;Czechia;PlaceOfWorshipPartial;24/4/2020;13/10/2020
;;Czechia;PlaceOfWorshipPartial;18/11/2020;
;2;Czechia;PrivateGatheringRestrictions;12/3/2020;11/5/2020
;2;Czechia;PrivateGatheringRestrictions;5/10/2020;2/12/2020
;5;Czechia;PrivateGatheringRestrictions;27/12/2020;9/5/2021
23;0;Czechia;PrivateGatheringRestrictionsPartial;3/12/2020;26/12/2020
;3;Czechia;QuarantineForInternationalTravellers;13/3/2020;30/6/2020
;2;Czechia;RestaurantsCafes;14/3/2020;10/5/2020
;2;Czechia;RestaurantsCafes;14/10/2020;2/12/2020
;5;Czechia;RestaurantsCafes;18/12/2020;16/5/2021
;1;Czechia;RestaurantsCafesPartial;11/5/2020;8/6/2020
14;0;Czechia;RestaurantsCafesPartial;3/12/2020;17/12/2020
;1;Czechia;StayHomeOrder;16/3/2020;24/4/2020
;1;Czechia;StayHomeOrder;22/10/2020;3/11/2020
;1;Czechia;StayHomeOrderPartial;4/11/2020;3/12/2020
;4;Czechia;StayHomeOrderPartial;18/12/2020;11/4/2021
;;Czechia;Teleworking;22/10/2020;
11;0;Denmark;AdaptationOfWorkplace;8/5/2020;19/5/2020
;;Denmark;AdaptationOfWorkplacePartial;20/5/2020;
;6;Denmark;BanOnAllEvents;26/10/2020;5/4/2021
;1;Denmark;ClosDaycare;16/3/2020;15/4/2020
;4;Denmark;ClosHigh;16/3/2020;31/7/2020
;2;Denmark;ClosHigh;16/12/2020;28/2/2021
;1;Denmark;ClosPrim;16/3/2020;15/4/2020
;1;Denmark;ClosPrim;21/12/2020;3/1/2021
;1;Denmark;ClosPubAny;28/4/2020;17/5/2020
;4;Denmark;ClosPubAny;16/12/2020;12/4/2021
;1;Denmark;ClosPubAnyPartial;11/3/2020;27/4/2020
;7;Denmark;ClosPubAnyPartial;18/5/2020;15/12/2020
;2;Denmark;ClosSec;16/3/2020;18/5/2020
;2;Denmark;ClosSec;16/12/2020;28/2/2021
;3;Denmark;EntertainmentVenues;18/3/2020;8/6/2020
;5;Denmark;EntertainmentVenues;16/12/2020;20/5/2021
;3;Denmark;GymsSportsCentres;18/3/2020;8/6/2020
;4;Denmark;GymsSportsCentres;16/12/2020;20/4/2021
;3;Denmark;IndoorOver50;18/3/2020;14/6/2020
;4;Denmark;IndoorOver500;15/6/2020;25/10/2020
;8;Denmark;MasksMandatoryClosedSpaces;29/10/2020;10/6/2021
;16;Denmark;MasksVoluntaryAllSpacesPartial;9/7/2020;28/11/2021
1;0;Denmark;MasksVoluntaryClosedSpacesPartial;21/8/2020;22/8/2020
;3;Denmark;MassGather50;18/3/2020;14/6/2020
;6;Denmark;MassGather50;26/10/2020;5/4/2021
;3;Denmark;MassGatherAll;18/3/2020;14/6/2020
;12;Denmark;MassGatherAllPartial;15/6/2020;10/6/2021
;1;Denmark;NonEssentialShops;28/4/2020;10/5/2020
;2;Denmark;NonEssentialShops;16/12/2020;28/2/2021
;1;Denmark;NonEssentialShopsPartial;11/3/2020;27/4/2020
;1;Denmark;OutdoorOver100;5/9/2020;25/10/2020
;1;Denmark;OutdoorOver50;18/3/2020;20/4/2020
;5;Denmark;OutdoorOver500;21/4/2020;4/9/2020
;2;Denmark;PlaceOfWorship;18/3/2020;18/5/2020
;3;Denmark;PrivateGatheringRestrictions;18/3/2020;14/6/2020
;9;Denmark;PrivateGatheringRestrictions;26/10/2020;5/7/2021
12;0;Denmark;QuarantineForInternationalTravellers;18/3/2020;30/3/2020
;2;Denmark;RestaurantsCafes;18/3/2020;17/5/2020
;4;Denmark;RestaurantsCafes;16/12/2020;20/4/2021
;7;Denmark;RestaurantsCafesPartial;18/5/2020;15/12/2020
;;Denmark;StayHomeRiskG;14/3/2020;
;3;Denmark;Teleworking;13/3/2020;14/6/2020
;5;Denmark;Teleworking;16/12/2020;20/5/2021
;6;Denmark;TeleworkingPartial;15/6/2020;15/12/2020
;2;Denmark;WorkplaceClosures;13/3/2020;10/5/2020
;;Estonia;AdaptationOfWorkplacePartial;16/3/2020;
;2;Estonia;ClosHigh;16/3/2020;17/5/2020
17;0;Estonia;ClosHigh;14/12/2020;31/12/2020
;2;Estonia;ClosPrim;16/3/2020;17/5/2020
17;0;Estonia;ClosPrim;14/12/2020;31/12/2020
;2;Estonia;ClosPubAny;12/3/2020;16/5/2020
;2;Estonia;ClosPubAnyPartial;17/5/2020;1/7/2020
;10;Estonia;ClosPubAnyPartial;19/8/2020;22/6/2021
;2;Estonia;ClosSec;16/3/2020;17/5/2020
;1;Estonia;ClosSec;14/12/2020;10/1/2021
;2;Estonia;EntertainmentVenues;12/3/2020;16/5/2020
;2;Estonia;EntertainmentVenuesPartial;17/5/2020;1/7/2020
;4;Estonia;EntertainmentVenuesPartial;16/11/2020;2/3/2021
;2;Estonia;GymsSportsCentres;16/3/2020;17/5/2020
;7;Estonia;GymsSportsCentresPartial;19/8/2020;10/3/2021
;1;Estonia;IndoorOver100;1/6/2020;14/7/2020
;4;Estonia;IndoorOver100;28/11/2020;2/3/2021
;4;Estonia;IndoorOver1000;15/7/2020;27/11/2020
13;0;Estonia;IndoorOver50;18/5/2020;31/5/2020
;7;Estonia;MasksMandatoryClosedSpaces;24/11/2020;1/6/2021
;2;Estonia;MasksVoluntaryClosedSpaces;12/3/2020;16/5/2020
;2;Estonia;MasksVoluntaryClosedSpacesPartial;17/5/2020;31/7/2020
;1;Estonia;MasksVoluntaryClosedSpacesPartial;12/10/2020;23/11/2020
13;0;Estonia;MassGather50;18/5/2020;31/5/2020
13;0;Estonia;MassGatherAll;18/5/2020;31/5/2020
;8;Estonia;MassGatherAll;15/7/2020;2/3/2021
;1;Estonia;MassGatherAllPartial;1/6/2020;14/7/2020
;2;Estonia;NonEssentialShops;27/3/2020;17/5/2020
;1;Estonia;OutdoorOver100;18/5/2020;30/6/2020
;4;Estonia;OutdoorOver1000;1/7/2020;23/11/2020
;3;Estonia;OutdoorOver500;24/11/2020;21/2/2021
;2;Estonia;PlaceOfWorship;12/3/2020;10/5/2020
;6;Estonia;PlaceOfWorshipPartial;24/12/2020;22/6/2021
;2;Estonia;PrivateGatheringRestrictions;12/3/2020;17/5/2020
;2;Estonia;PrivateGatheringRestrictions;16/11/2020;10/1/2021
;4;Estonia;QuarantineForInternationalTravellers;28/1/2020;31/5/2020
;6;Estonia;QuarantineForInternationalTravellers;31/7/2020;31/1/2021
;1;Estonia;QuarantineForInternationalTravellersPartial;1/6/2020;30/7/2020
;4;Estonia;RestaurantsCafesPartial;16/11/2020;2/3/2021
;2;Estonia;StayHomeGen;12/3/2020;17/5/2020
;;Estonia;TeleworkingPartial;16/3/2020;
;5;Finland;ClosHigh;18/3/2020;3/8/2020
;11;Finland;ClosHighPartial;4/8/2020;31/7/2021
;2;Finland;ClosPrim;18/3/2020;14/5/2020
;2;Finland;ClosPubAny;18/3/2020;31/5/2020
;;Finland;ClosPubAnyPartial;1/6/2020;
;5;Finland;ClosSec;18/3/2020;3/8/2020
;11;Finland;ClosSecPartial;4/8/2020;31/7/2021
;2;Finland;EntertainmentVenues;18/3/2020;31/5/2020
;;Finland;EntertainmentVenuesPartial;1/6/2020;
;3;Finland;GymsSportsCentres;18/3/2020;1/6/2020
;4;Finland;IndoorOver50;18/3/2020;31/7/2020
;12;Finland;IndoorOver50;15/10/2020;4/10/2021
5;0;Finland;IndoorOver500;12/3/2020;17/3/2020
;2;Finland;IndoorOver500;1/8/2020;14/10/2020
;;Finland;MasksVoluntaryClosedSpaces;18/9/2020;
;1;Finland;MasksVoluntaryClosedSpacesPartial;13/8/2020;17/9/2020
;3;Finland;MassGather50;18/3/2020;30/6/2020
30;0;Finland;MassGather50Partial;1/7/2020;31/7/2020
;12;Finland;MassGather50Partial;15/10/2020;4/10/2021
;3;Finland;MassGatherAll;12/3/2020;30/6/2020
;15;Finland;MassGatherAllPartial;1/7/2020;4/10/2021
;4;Finland;OutdoorOver50;18/3/2020;1/7/2020
;12;Finland;OutdoorOver50;15/10/2020;4/10/2021
5;0;Finland;OutdoorOver500;12/3/2020;17/3/2020
;3;Finland;OutdoorOver500;2/7/2020;14/10/2020
;3;Finland;QuarantineForInternationalTravellers;18/3/2020;14/6/2020
;;Finland;QuarantineForInternationalTravellersPartial;15/6/2020;
;2;Finland;RestaurantsCafes;18/3/2020;31/5/2020
;1;Finland;RestaurantsCafesPartial;1/6/2020;13/7/2020
;6;Finland;RestaurantsCafesPartial;1/10/2020;18/4/2021
;3;Finland;StayHomeRiskG;16/3/2020;22/6/2020
;13;Finland;StayHomeRiskGPartial;23/6/2020;1/7/2021
;5;Finland;Teleworking;18/3/2020;1/8/2020
;;Finland;TeleworkingPartial;13/8/2020;
;8;France;BanOnAllEvents;19/10/2020;29/6/2021
;3;France;ClosDaycare;16/3/2020;1/6/2020
20;0;France;ClosDaycarePartial;2/6/2020;22/6/2020
;3;France;ClosHigh;27/10/2020;24/1/2021
;3;France;ClosHighPartial;16/3/2020;22/6/2020
;3;France;ClosPrimPartial;16/3/2020;22/6/2020
;2;France;ClosPubAny;16/3/2020;10/5/2020
;1;France;ClosPubAnyPartial;11/5/2020;22/6/2020
;;France;ClosPubAnyPartial;28/10/2020;
;2;France;ClosSec;16/3/2020;10/5/2020
;1;France;ClosSecPartial;11/5/2020;22/6/2020
;3;France;EntertainmentVenues;16/3/2020;1/6/2020
;7;France;EntertainmentVenues;28/10/2020;18/5/2021
20;0;France;EntertainmentVenuesPartial;2/6/2020;22/6/2020
;3;France;GymsSportsCentres;16/3/2020;22/6/2020
;7;France;GymsSportsCentres;28/10/2020;18/5/2021
;8;France;IndoorOver1000;29/2/2020;18/10/2020
;8;France;MasksMandatoryAllSpaces;28/10/2020;16/6/2021
;3;France;MasksMandatoryClosedSpaces;26/7/2020;28/10/2020
6;0;France;MasksMandatoryClosedSpacesPartial;11/5/2020;17/5/2020
;2;France;MasksVoluntaryAllSpaces;11/5/2020;25/7/2020
;8;France;MassGather50;19/10/2020;29/6/2021
;1;France;MassGather50Partial;18/9/2020;18/10/2020
;7;France;MassGatherAll;29/2/2020;17/9/2020
;8;France;MassGatherAll;19/10/2020;29/6/2021
;1;France;MassGatherAllPartial;18/9/2020;18/10/2020
;2;France;NonEssentialShops;16/3/2020;10/5/2020
;1;France;NonEssentialShops;29/10/2020;27/11/2020
;1;France;NonEssentialShopsPartial;11/5/2020;2/6/2020
;6;France;NonEssentialShopsPartial;28/11/2020;18/5/2021
;4;France;OutdoorOver1000;13/3/2020;11/7/2020
;1;France;OutdoorOver50;18/9/2020;18/10/2020
;8;France;PlaceOfWorshipPartial;28/10/2020;30/6/2021
;3;France;PrivateGatheringRestrictions;17/3/2020;15/6/2020
;;France;PrivateGatheringRestrictions;28/10/2020;
;1;France;PrivateGatheringRestrictionsPartial;23/9/2020;27/10/2020
11;0;France;RegionalStayHomeOrderPartial;17/10/2020;28/10/2020
;3;France;RestaurantsCafes;16/3/2020;1/6/2020
;7;France;RestaurantsCafes;28/10/2020;18/5/2021
13;0;France;RestaurantsCafesPartial;2/6/2020;15/6/2020
2;0;France;StayHomeGen;13/3/2020;15/3/2020
;2;France;StayHomeOrder;17/3/2020;11/5/2020
;2;France;StayHomeOrder;29/10/2020;14/12/2020
;1;France;StayHomeOrderPartial;12/5/2020;2/6/2020
11;0;France;StayHomeOrderPartial;17/10/2020;28/10/2020
;6;France;StayHomeOrderPartial;15/12/2020;20/6/2021
;2;France;Teleworking;17/3/2020;10/5/2020
;8;France;Teleworking;29/10/2020;8/6/2021
;5;France;TeleworkingPartial;11/5/2020;28/10/2020
;2;France;WorkplaceClosures;17/3/2020;11/5/2020
;2;Germany;BanOnAllEvents;23/3/2020;10/5/2020
;4;Germany;BanOnAllEvents;2/11/2020;28/3/2021
;1;Germany;BanOnAllEventsPartial;11/5/2020;29/6/2020
;2;Germany;ClosDaycare;13/3/2020;14/5/2020
;2;Germany;ClosDaycarePartial;15/5/2020;1/7/2020
;5;Germany;ClosDaycarePartial;16/12/2020;31/5/2021
;2;Germany;ClosPrim;13/3/2020;3/5/2020
;1;Germany;ClosPrimPartial;4/5/2020;29/6/2020
;8;Germany;ClosPrimPartial;16/12/2020;31/8/2021
;2;Germany;ClosPubAny;16/3/2020;4/5/2020
;;Germany;ClosPubAnyPartial;5/5/2020;
;2;Germany;ClosSec;13/3/2020;3/5/2020
;1;Germany;ClosSecPartial;4/5/2020;15/6/2020
;8;Germany;ClosSecPartial;16/12/2020;31/8/2021
;2;Germany;EntertainmentVenues;16/3/2020;4/5/2020
;4;Germany;EntertainmentVenues;2/11/2020;7/3/2021
;6;Germany;EntertainmentVenuesPartial;5/5/2020;1/11/2020
;4;Germany;GymsSportsCentres;2/11/2020;7/3/2021
;7;Germany;HotelsOtherAccommodationPartial;7/10/2020;31/5/2021
;3;Germany;IndoorOver100;30/6/2020;28/9/2020
12;0;Germany;IndoorOver1000;10/3/2020;22/3/2020
;2;Germany;IndoorOver50;29/9/2020;1/11/2020
;7;Germany;MasksMandatoryAllSpacesPartial;1/11/2020;21/6/2021
;14;Germany;MasksMandatoryClosedSpaces;27/4/2020;20/6/2021
25;0;Germany;MasksVoluntaryAllSpaces;2/4/2020;27/4/2020
;2;Germany;MassGather50;23/3/2020;10/5/2020
;4;Germany;MassGather50;2/11/2020;28/3/2021
;1;Germany;MassGather50Partial;11/5/2020;29/6/2020
;2;Germany;MassGather50Partial;29/9/2020;1/11/2020
;2;Germany;MassGatherAll;10/3/2020;10/5/2020
;4;Germany;MassGatherAll;2/11/2020;28/3/2021
;6;Germany;MassGatherAllPartial;11/5/2020;1/11/2020
;1;Germany;NonEssentialShops;16/3/2020;20/4/2020
;3;Germany;NonEssentialShops;16/12/2020;7/3/2021
;5;Germany;OutdoorOver100;30/6/2020;1/11/2020
;5;Germany;PlaceOfWorshipPartial;16/12/2020;31/5/2021
;6;Germany;PrivateGatheringRestrictions;2/11/2020;31/5/2021
;4;Germany;QuarantineForInternationalTravellers;14/2/2020;15/6/2020
;6;Germany;QuarantineForInternationalTravellers;8/11/2020;11/5/2021
;5;Germany;QuarantineForInternationalTravellersPartial;16/6/2020;7/11/2020
;2;Germany;RestaurantsCafes;23/3/2020;4/5/2020
;5;Germany;RestaurantsCafes;2/11/2020;22/4/2021
;1;Germany;RestaurantsCafesPartial;5/5/2020;8/6/2020
;1;Germany;RestaurantsCafesPartial;14/10/2020;1/11/2020
;;Germany;SocialCirclePartial;2/8/2020;
;2;Germany;StayHomeGen;9/3/2020;5/5/2020
;1;Germany;StayHomeGenPartial;6/5/2020;29/6/2020
;5;Germany;StayHomeOrderPartial;9/12/2020;31/5/2021
;1;Germany;TeleworkingPartial;23/12/2020;18/1/2021
;2;Greece;BanOnAllEvents;7/11/2020;25/1/2021
;4;Greece;BanOnAllEventsPartial;13/7/2020;6/11/2020
;3;Greece;ClosDaycare;11/3/2020;1/6/2020
;2;Greece;ClosDaycare;16/11/2020;10/1/2021
;2;Greece;ClosHigh;16/3/2020;24/5/2020
;16;Greece;ClosHighPartial;25/5/2020;13/9/2021
;3;Greece;ClosPrim;11/3/2020;1/6/2020
;2;Greece;ClosPrim;16/11/2020;10/1/2021
;;Greece;ClosPubAnyPartial;14/3/2020;
;2;Greece;ClosSec;11/3/2020;18/5/2020
;3;Greece;ClosSec;7/11/2020;5/2/2021
;3;Greece;EntertainmentVenues;14/3/2020;15/6/2020
;6;Greece;EntertainmentVenues;7/11/2020;20/5/2021
;3;Greece;EntertainmentVenuesPartial;9/8/2020;6/11/2020
;6;Greece;GymsSportsCentres;7/11/2020;30/5/2021
;3;Greece;GymsSportsCentresPartial;14/3/2020;15/6/2020
2;0;Greece;GymsSportsCentresPartial;4/11/2020;6/11/2020
;2;Greece;HotelsOtherAccommodation;15/3/2020;24/5/2020
;2;Greece;HotelsOtherAccommodationPartial;25/5/2020;1/7/2020
;11;Greece;MasksMandatoryAllSpaces;17/7/2020;27/6/2021
;3;Greece;MasksMandatoryClosedSpaces;28/4/2020;6/7/2020
9;0;Greece;MasksVoluntaryClosedSpaces;7/7/2020;16/7/2020
;2;Greece;MassGather50;7/11/2020;25/1/2021
;4;Greece;MassGather50Partial;13/7/2020;6/11/2020
;6;Greece;MassGatherAll;7/11/2020;20/5/2021
;4;Greece;MassGatherAllPartial;13/7/2020;6/11/2020
;3;Greece;NonEssentialShops;14/3/2020;1/6/2020
;2;Greece;NonEssentialShops;7/11/2020;17/1/2021
;1;Greece;PlaceOfWorship;9/8/2020;15/9/2020
;5;Greece;PlaceOfWorshipPartial;14/3/2020;8/8/2020
;;Greece;PlaceOfWorshipPartial;7/11/2020;
;2;Greece;PrivateGatheringRestrictions;19/3/2020;3/5/2020
;6;Greece;PrivateGatheringRestrictions;7/11/2020;13/5/2021
;3;Greece;QuarantineForInternationalTravellers;19/3/2020;30/6/2020
;4;Greece;QuarantineForInternationalTravellers;18/12/2020;18/4/2021
3;0;Greece;RegionalStayHomeOrder;3/11/2020;6/11/2020
;6;Greece;RestaurantsCafes;7/11/2020;2/5/2021
;8;Greece;RestaurantsCafesPartial;14/3/2020;6/11/2020
;1;Greece;StayHomeGen;27/2/2020;22/3/2020
;2;Greece;StayHomeOrder;23/3/2020;4/5/2020
;8;Greece;StayHomeOrderPartial;7/11/2020;3/7/2021
;;Greece;StayHomeRiskG;11/3/2020;
;8;Greece;Teleworking;19/3/2020;2/11/2020
;;Greece;TeleworkingPartial;3/11/2020;
;3;Hungary;BanOnAllEventsPartial;16/3/2020;11/6/2020
;5;Hungary;BanOnAllEventsPartial;11/11/2020;30/4/2021
;3;Hungary;ClosDaycare;25/3/2020;2/6/2020
;2;Hungary;ClosHigh;25/3/2020;18/5/2020
;8;Hungary;ClosHigh;11/11/2020;7/7/2021
;3;Hungary;ClosPrim;16/3/2020;1/6/2020
24;0;Hungary;ClosPrimPartial;2/6/2020;26/6/2020
14;0;Hungary;ClosPubAny;13/3/2020;27/3/2020
;2;Hungary;ClosPubAnyPartial;28/3/2020;18/5/2020
;6;Hungary;ClosPubAnyPartial;21/9/2020;7/3/2021
;3;Hungary;ClosSec;16/3/2020;1/6/2020
;6;Hungary;ClosSec;11/11/2020;9/5/2021
24;0;Hungary;ClosSecPartial;2/6/2020;26/6/2020
;2;Hungary;EntertainmentVenues;13/3/2020;18/5/2020
;8;Hungary;EntertainmentVenues;4/11/2020;6/7/2021
;6;Hungary;GymsSportsCentres;11/11/2020;21/5/2021
4;0;Hungary;IndoorOver100;11/3/2020;15/3/2020
;2;Hungary;IndoorOver500;21/9/2020;10/11/2020
;6;Hungary;MasksMandatoryAllSpaces;11/11/2020;21/5/2021
9;0;Hungary;MasksMandatoryClosedSpaces;2/11/2020;11/11/2020
;6;Hungary;MasksMandatoryClosedSpacesPartial;4/5/2020;1/11/2020
;3;Hungary;MassGather50Partial;16/3/2020;11/6/2020
;;Hungary;MassGather50Partial;11/11/2020;
4;0;Hungary;MassGatherAll;11/3/2020;15/3/2020
;3;Hungary;MassGatherAllPartial;16/3/2020;11/6/2020
;;Hungary;MassGatherAllPartial;21/9/2020;
;2;Hungary;NonEssentialShopsPartial;28/3/2020;18/5/2020
;4;Hungary;NonEssentialShopsPartial;11/11/2020;7/3/2021
4;0;Hungary;OutdoorOver500;11/3/2020;15/3/2020
;2;Hungary;OutdoorOver500;21/9/2020;10/11/2020
;6;Hungary;PrivateGatheringRestrictions;11/11/2020;21/5/2021
;;Hungary;QuarantineForInternationalTravellers;1/9/2020;
;2;Hungary;RestaurantsCafes;28/3/2020;18/5/2020
;5;Hungary;RestaurantsCafes;11/11/2020;23/4/2021
;2;Hungary;RestaurantsCafesPartial;21/9/2020;10/11/2020
10;0;Hungary;StayHomeGen;16/3/2020;26/3/2020
;5;Hungary;StayHomeGen;16/6/2020;3/11/2020
;2;Hungary;StayHomeOrder;27/3/2020;18/5/2020
;6;Hungary;StayHomeOrderPartial;4/11/2020;21/5/2021
1;0;Iceland;AdaptationOfWorkplace;16/3/2020;17/3/2020
;2;Iceland;ClosHigh;16/3/2020;4/5/2020
;2;Iceland;ClosPubAny;16/3/2020;3/5/2020
;1;Iceland;ClosPubAnyPartial;4/5/2020;15/6/2020
;10;Iceland;ClosPubAnyPartial;31/8/2020;25/6/2021
;2;Iceland;ClosSec;16/3/2020;4/5/2020
;2;Iceland;EntertainmentVenues;16/3/2020;3/5/2020
;1;Iceland;EntertainmentVenues;1/11/2020;9/12/2020
21;0;Iceland;EntertainmentVenuesPartial;4/5/2020;25/5/2020
;2;Iceland;EntertainmentVenuesPartial;31/8/2020;31/10/2020
;3;Iceland;EntertainmentVenuesPartial;10/12/2020;23/3/2021
;2;Iceland;GymsSportsCentres;16/3/2020;17/5/2020
;1;Iceland;GymsSportsCentresPartial;18/5/2020;15/6/2020
;5;Iceland;GymsSportsCentresPartial;20/10/2020;23/3/2021
7;0;Iceland;IndoorOver100;16/3/2020;23/3/2020
;2;Iceland;IndoorOver100;31/7/2020;9/9/2020
;2;Iceland;IndoorOver50;24/3/2020;25/5/2020
;2;Iceland;IndoorOver500;26/5/2020;30/7/2020
;1;Iceland;IndoorOver500;10/9/2020;3/10/2020
;7;Iceland;MasksMandatoryAllSpacesPartial;5/10/2020;24/5/2021
;3;Iceland;MasksVoluntaryAllSpacesPartial;31/7/2020;5/10/2020
;2;Iceland;MassGather50;24/3/2020;25/5/2020
;5;Iceland;MassGather50;4/10/2020;23/3/2021
;2;Iceland;MassGatherAll;16/3/2020;24/5/2020
;5;Iceland;MassGatherAll;4/10/2020;23/3/2021
;5;Iceland;MassGatherAllPartial;25/5/2020;3/10/2020
;7;Iceland;NonEssentialShopsPartial;5/10/2020;24/5/2021
7;0;Iceland;OutdoorOver100;16/3/2020;23/3/2020
;2;Iceland;OutdoorOver100;31/7/2020;7/9/2020
;2;Iceland;OutdoorOver50;24/3/2020;25/5/2020
;4;Iceland;OutdoorOver50;4/10/2020;23/2/2021
;2;Iceland;OutdoorOver500;26/5/2020;30/7/2020
;1;Iceland;OutdoorOver500;8/9/2020;3/10/2020
;4;Iceland;PrivateGatheringRestrictions;4/10/2020;23/2/2021
;12;Iceland;QuarantineForInternationalTravellers;28/1/2020;24/1/2021
;2;Iceland;RestaurantsCafes;16/3/2020;25/5/2020
;8;Iceland;RestaurantsCafesPartial;31/10/2020;25/6/2021
1;0;Iceland;StayHomeRiskG;16/3/2020;17/3/2020
;3;Ireland;BanOnAllEvents;24/3/2020;28/6/2020
;1;Ireland;BanOnAllEvents;21/10/2020;30/11/2020
;5;Ireland;BanOnAllEvents;31/12/2020;9/5/2021
2;0;Ireland;BanOnAllEventsPartial;6/3/2020;8/3/2020
;3;Ireland;ClosDaycare;12/3/2020;29/6/2020
;6;Ireland;ClosHigh;12/3/2020;20/9/2020
;;Ireland;ClosHighPartial;21/9/2020;
;5;Ireland;ClosPrim;12/3/2020;24/8/2020
14;0;Ireland;ClosPubAny;12/3/2020;26/3/2020
;;Ireland;ClosPubAnyPartial;27/3/2020;
;5;Ireland;ClosSec;12/3/2020;31/8/2020
;;Ireland;ClosureOfPublicTransportPartial;27/3/2020;
;3;Ireland;EntertainmentVenues;12/3/2020;29/6/2020
;1;Ireland;EntertainmentVenues;6/10/2020;30/11/2020
;4;Ireland;EntertainmentVenues;25/12/2020;25/4/2021
23;0;Ireland;EntertainmentVenuesPartial;1/12/2020;24/12/2020
;3;Ireland;GymsSportsCentres;24/3/2020;29/6/2020
;1;Ireland;GymsSportsCentres;21/10/2020;30/11/2020
;6;Ireland;GymsSportsCentres;31/12/2020;6/6/2021
14;0;Ireland;GymsSportsCentresPartial;6/10/2020;20/10/2020
29;0;Ireland;GymsSportsCentresPartial;1/12/2020;30/12/2020
;3;Ireland;HotelsOtherAccommodation;24/3/2020;29/6/2020
;2;Ireland;HotelsOtherAccommodation;21/10/2020;1/12/2020
;6;Ireland;HotelsOtherAccommodation;24/12/2020;1/6/2021
11;0;Ireland;IndoorOver100;12/3/2020;23/3/2020
;4;Ireland;IndoorOver50;29/6/2020;20/10/2020
;;Ireland;MasksMandatoryAllSpaces;29/6/2020;
;8;Ireland;MassGather50;24/3/2020;30/11/2020
;5;Ireland;MassGather50;31/12/2020;9/5/2021
2;0;Ireland;MassGather50Partial;6/3/2020;8/3/2020
;8;Ireland;MassGatherAll;12/3/2020;30/11/2020
;5;Ireland;MassGatherAll;31/12/2020;9/5/2021
2;0;Ireland;MassGatherAllPartial;6/3/2020;8/3/2020
;3;Ireland;NonEssentialShops;24/3/2020;29/6/2020
;1;Ireland;NonEssentialShops;21/10/2020;30/11/2020
;2;Ireland;OutdoorOver50;24/8/2020;20/10/2020
11;0;Ireland;OutdoorOver500;12/3/2020;23/3/2020
;2;Ireland;OutdoorOver500;29/6/2020;23/8/2020
;1;Ireland;PlaceOfWorship;6/10/2020;30/11/2020
;5;Ireland;PlaceOfWorship;31/12/2020;9/5/2021
29;0;Ireland;PlaceOfWorshipPartial;1/12/2020;30/12/2020
;3;Ireland;PrivateGatheringRestrictions;24/3/2020;28/6/2020
;1;Ireland;PrivateGatheringRestrictions;21/10/2020;30/11/2020
;5;Ireland;PrivateGatheringRestrictions;31/12/2020;9/5/2021
29;0;Ireland;PrivateGatheringRestrictionsPartial;1/12/2020;30/12/2020
;2;Ireland;QuarantineForInternationalTravellers;27/1/2020;13/3/2020
;22;Ireland;QuarantineForInternationalTravellersPartial;14/3/2020;6/1/2022
;3;Ireland;RestaurantsCafes;24/3/2020;29/6/2020
;2;Ireland;RestaurantsCafes;21/10/2020;3/12/2020
;6;Ireland;RestaurantsCafes;25/12/2020;6/6/2021
14;0;Ireland;RestaurantsCafesPartial;6/10/2020;20/10/2020
20;0;Ireland;RestaurantsCafesPartial;4/12/2020;24/12/2020
;;Ireland;SocialCircle;21/10/2020;
14;0;Ireland;StayHomeGen;12/3/2020;26/3/2020
;1;Ireland;StayHomeGen;18/5/2020;26/6/2020
;2;Ireland;StayHomeOrder;27/3/2020;17/5/2020
;1;Ireland;StayHomeOrder;21/10/2020;30/11/2020
;4;Ireland;StayHomeOrder;31/12/2020;11/4/2021
;;Ireland;StayHomeRiskG;12/3/2020;
;22;Ireland;Teleworking;12/3/2020;23/1/2022
;3;Italy;AdaptationOfWorkplace;10/3/2020;10/6/2020
;4;Italy;AdaptationOfWorkplacePartial;11/6/2020;15/10/2020
;3;Italy;BanOnAllEvents;9/3/2020;11/6/2020
;5;Italy;BanOnAllEvents;6/11/2020;25/4/2021
4;0;Italy;BanOnAllEventsPartial;4/3/2020;8/3/2020
;3;Italy;ClosDaycare;10/3/2020;10/6/2020
5;0;Italy;ClosDaycarePartial;4/3/2020;9/3/2020
;3;Italy;ClosDaycarePartial;11/6/2020;14/9/2020
;3;Italy;ClosHigh;10/3/2020;10/6/2020
;1;Italy;ClosHigh;4/12/2020;15/1/2021
5;0;Italy;ClosHighPartial;4/3/2020;9/3/2020
;3;Italy;ClosHighPartial;11/6/2020;14/9/2020
;1;Italy;ClosHighPartial;5/11/2020;3/12/2020
;6;Italy;ClosPrim;11/3/2020;14/9/2020
6;0;Italy;ClosPrimPartial;4/3/2020;10/3/2020
;1;Italy;ClosPubAny;24/12/2020;6/1/2021
;9;Italy;ClosPubAnyPartial;10/3/2020;23/12/2020
;3;Italy;ClosSec;4/3/2020;16/6/2020
;2;Italy;ClosSec;5/7/2020;14/9/2020
;2;Italy;ClosSec;5/11/2020;6/1/2021
;1;Italy;ClosSecPartial;17/6/2020;4/7/2020
;1;Italy;ClosureOfPublicTransportPartial;5/11/2020;3/12/2020
;2;Italy;EntertainmentVenues;10/3/2020;17/5/2020
;5;Italy;EntertainmentVenues;26/10/2020;26/3/2021
;1;Italy;EntertainmentVenuesPartial;18/5/2020;15/6/2020
;2;Italy;GymsSportsCentres;10/3/2020;24/5/2020
;7;Italy;GymsSportsCentres;26/10/2020;14/5/2021
;5;Italy;GymsSportsCentresPartial;25/5/2020;25/10/2020
;3;Italy;IndoorOver500;7/8/2020;5/11/2020
;3;Italy;MasksMandatoryAllSpaces;26/4/2020;14/7/2020
;8;Italy;MasksMandatoryAllSpaces;8/10/2020;27/6/2021
;2;Italy;MasksMandatoryAllSpacesPartial;16/8/2020;7/10/2020
;1;Italy;MasksMandatoryClosedSpaces;15/7/2020;15/8/2020
;3;Italy;MassGather50;9/3/2020;11/6/2020
;5;Italy;MassGather50;6/11/2020;25/4/2021
4;0;Italy;MassGather50Partial;4/3/2020;8/3/2020
;3;Italy;MassGatherAll;9/3/2020;11/6/2020
;;Italy;MassGatherAll;6/11/2020;
4;0;Italy;MassGatherAllPartial;4/3/2020;8/3/2020
;5;Italy;MassGatherAllPartial;12/6/2020;5/11/2020
;1;Italy;NonEssentialShops;10/3/2020;13/4/2020
;1;Italy;NonEssentialShops;24/12/2020;6/1/2021
;1;Italy;NonEssentialShopsPartial;14/4/2020;18/5/2020
;5;Italy;OutdoorOver1000;12/6/2020;5/11/2020
;3;Italy;PlaceOfWorship;10/3/2020;15/6/2020
6;0;Italy;QuarantineForInternationalTravellers;4/3/2020;10/3/2020
;10;Italy;QuarantineForInternationalTravellers;12/6/2020;30/4/2021
;8;Italy;RegionalStayHomeOrderPartial;22/10/2020;21/6/2021
;1;Italy;RestaurantsCafes;24/12/2020;6/1/2021
;2;Italy;RestaurantsCafesPartial;10/3/2020;18/5/2020
;2;Italy;RestaurantsCafesPartial;18/10/2020;23/12/2020
;1;Italy;StayHomeGen;26/10/2020;4/11/2020
;2;Italy;StayHomeOrder;10/3/2020;4/5/2020
;7;Italy;StayHomeOrderPartial;5/11/2020;21/6/2021
;14;Italy;StayHomeRiskG;4/3/2020;6/5/2021
;3;Italy;Teleworking;12/3/2020;10/6/2020
;;Italy;Teleworking;16/10/2020;
;7;Latvia;BanOnAllEventsPartial;9/11/2020;22/6/2021
;5;Latvia;ClosHigh;17/3/2020;31/8/2020
;10;Latvia;ClosHighPartial;26/10/2020;17/8/2021
;5;Latvia;ClosPrim;17/3/2020;31/8/2020
;9;Latvia;ClosPrimPartial;2/11/2020;10/8/2021
;2;Latvia;ClosPubAny;17/3/2020;11/5/2020
;1;Latvia;ClosPubAnyPartial;12/5/2020;10/6/2020
;;Latvia;ClosPubAnyPartial;11/7/2020;
;6;Latvia;ClosSec;26/10/2020;6/4/2021
;2;Latvia;ClosSecPartial;17/3/2020;7/5/2020
;;Latvia;ClosureOfPublicTransportPartial;7/12/2020;
;3;Latvia;EntertainmentVenues;17/3/2020;10/6/2020
;11;Latvia;EntertainmentVenuesPartial;9/11/2020;20/10/2021
;2;Latvia;GymsSportsCentres;17/3/2020;11/5/2020
;3;Latvia;GymsSportsCentres;3/12/2020;7/3/2021
;1;Latvia;GymsSportsCentresPartial;12/5/2020;10/6/2020
;1;Latvia;IndoorOver100;10/6/2020;31/7/2020
;3;Latvia;IndoorOver500;1/8/2020;8/11/2020
;3;Latvia;MasksMandatoryAllSpacesPartial;17/3/2020;30/6/2020
;;Latvia;MasksMandatoryClosedSpaces;14/10/2020;
;2;Latvia;MasksVoluntaryAllSpacesPartial;20/4/2020;30/6/2020
;7;Latvia;MassGather50Partial;9/11/2020;22/6/2021
;3;Latvia;MassGatherAll;1/8/2020;8/11/2020
;1;Latvia;MassGatherAllPartial;10/6/2020;31/7/2020
;11;Latvia;MassGatherAllPartial;9/11/2020;20/10/2021
;7;Latvia;NonEssentialShopsPartial;9/11/2020;2/6/2021
30;0;Latvia;OutdoorOver1000;1/7/2020;31/7/2020
19;0;Latvia;OutdoorOver1000;10/10/2020;29/10/2020
20;0;Latvia;OutdoorOver500;10/6/2020;30/6/2020
;1;Latvia;OutdoorOver500;30/10/2020;8/11/2020
;2;Latvia;PlaceOfWorship;17/3/2020;11/5/2020
;1;Latvia;PlaceOfWorshipPartial;12/5/2020;10/6/2020
;5;Latvia;PlaceOfWorshipPartial;9/11/2020;6/4/2021
;3;Latvia;PrivateGatheringRestrictions;17/3/2020;10/6/2020
;;Latvia;PrivateGatheringRestrictionsPartial;17/10/2020;
;2;Latvia;QuarantineForInternationalTravellers;12/3/2020;11/5/2020
;;Latvia;QuarantineForInternationalTravellersPartial;12/5/2020;
;6;Latvia;RestaurantsCafes;9/11/2020;6/5/2021
;4;Latvia;RestaurantsCafesPartial;11/7/2020;8/11/2020
;2;Latvia;StayHomeOrderPartial;24/12/2020;7/2/2021
;;Latvia;TeleworkingPartial;17/3/2020;
;3;Liechtenstein;BanOnAllEvents;14/3/2020;5/6/2020
;5;Liechtenstein;BanOnAllEvents;20/12/2020;23/5/2021
;2;Liechtenstein;ClosDaycare;16/3/2020;11/5/2020
;3;Liechtenstein;ClosHigh;16/3/2020;8/6/2020
;3;Liechtenstein;ClosPrim;16/3/2020;8/6/2020
;1;Liechtenstein;ClosPubAny;24/10/2020;29/11/2020
;2;Liechtenstein;ClosPubAny;20/12/2020;28/2/2021
;3;Liechtenstein;ClosPubAnyPartial;12/3/2020;6/6/2020
;1;Liechtenstein;ClosPubAnyPartial;30/11/2020;19/12/2020
;3;Liechtenstein;ClosSec;16/3/2020;8/6/2020
;3;Liechtenstein;EntertainmentVenues;17/3/2020;6/6/2020
;4;Liechtenstein;EntertainmentVenues;20/12/2020;25/4/2021
7;0;Liechtenstein;EntertainmentVenuesPartial;12/12/2020;19/12/2020
;3;Liechtenstein;GymsSportsCentresPartial;12/3/2020;6/6/2020
;1;Liechtenstein;IndoorOver1000;28/2/2020;13/3/2020
;5;Liechtenstein;IndoorOver1000;3/7/2020;19/12/2020
;1;Liechtenstein;IndoorOver500;6/6/2020;2/7/2020
;7;Liechtenstein;MasksMandatoryAllSpaces;20/12/2020;4/7/2021
;2;Liechtenstein;MasksMandatoryClosedSpaces;20/10/2020;19/12/2020
;3;Liechtenstein;MasksMandatoryClosedSpacesPartial;6/7/2020;19/10/2020
;2;Liechtenstein;MasksVoluntaryClosedSpacesPartial;13/5/2020;5/7/2020
;3;Liechtenstein;MassGather50;14/3/2020;5/6/2020
;5;Liechtenstein;MassGather50;20/12/2020;23/5/2021
;5;Liechtenstein;MassGatherAll;28/2/2020;2/7/2020
;5;Liechtenstein;MassGatherAll;20/12/2020;23/5/2021
;5;Liechtenstein;MassGatherAllPartial;3/7/2020;19/12/2020
;1;Liechtenstein;NonEssentialShops;17/3/2020;27/4/2020
;1;Liechtenstein;OutdoorOver1000;28/2/2020;13/3/2020
;5;Liechtenstein;OutdoorOver1000;3/7/2020;19/12/2020
;1;Liechtenstein;OutdoorOver500;6/6/2020;2/7/2020
;2;Liechtenstein;PrivateGatheringRestrictions;16/3/2020;20/5/2020
;8;Liechtenstein;PrivateGatheringRestrictions;19/10/2020;13/6/2021
;;Liechtenstein;QuarantineForInternationalTravellers;6/7/2020;
;2;Liechtenstein;RestaurantsCafes;17/3/2020;15/5/2020
;1;Liechtenstein;RestaurantsCafes;24/10/2020;29/11/2020
;4;Liechtenstein;RestaurantsCafes;20/12/2020;25/4/2021
;1;Liechtenstein;RestaurantsCafesPartial;30/11/2020;19/12/2020
;2;Liechtenstein;StayHomeGen;21/3/2020;18/5/2020
;;Liechtenstein;StayHomeRiskG;16/3/2020;
;2;Lithuania;BanOnAllEvents;12/3/2020;31/5/2020
;5;Lithuania;BanOnAllEvents;7/11/2020;18/4/2021
;1;Lithuania;ClosDaycare;16/3/2020;26/4/2020
;1;Lithuania;ClosDaycarePartial;27/4/2020;17/5/2020
;2;Lithuania;ClosHigh;16/3/2020;24/5/2020
;6;Lithuania;ClosHigh;7/11/2020;23/5/2021
4;0;Lithuania;ClosHighPartial;25/5/2020;29/5/2020
;2;Lithuania;ClosHighPartial;1/9/2020;6/11/2020
;2;Lithuania;ClosPrim;16/3/2020;24/5/2020
;1;Lithuania;ClosPrimPartial;25/5/2020;23/6/2020
;;Lithuania;ClosPubAnyPartial;16/3/2020;
;2;Lithuania;ClosSec;16/3/2020;29/5/2020
;6;Lithuania;ClosSec;7/11/2020;2/5/2021
;1;Lithuania;ClosSecPartial;30/5/2020;30/6/2020
;2;Lithuania;ClosSecPartial;1/9/2020;6/11/2020
;1;Lithuania;EntertainmentVenues;16/3/2020;26/4/2020
;3;Lithuania;EntertainmentVenues;16/12/2020;5/3/2021
;3;Lithuania;EntertainmentVenuesPartial;27/4/2020;17/7/2020
;2;Lithuania;EntertainmentVenuesPartial;26/10/2020;15/12/2020
;6;Lithuania;GymsSportsCentres;7/11/2020;2/5/2021
;3;Lithuania;GymsSportsCentresPartial;16/3/2020;16/6/2020
;6;Lithuania;HotelsOtherAccommodationPartial;7/11/2020;31/5/2021
;2;Lithuania;IndoorOver100;17/6/2020;15/8/2020
;2;Lithuania;IndoorOver100;1/9/2020;6/11/2020
15;0;Lithuania;IndoorOver50;1/6/2020;16/6/2020
15;0;Lithuania;IndoorOver500;16/8/2020;31/8/2020
19;0;Lithuania;MasksMandatoryAllSpaces;10/4/2020;29/4/2020
;3;Lithuania;MasksMandatoryAllSpaces;7/11/2020;24/2/2021
;2;Lithuania;MasksMandatoryAllSpacesPartial;30/4/2020;15/6/2020
;3;Lithuania;MasksMandatoryAllSpacesPartial;21/8/2020;6/11/2020
19;0;Lithuania;MasksMandatoryClosedSpacesPartial;1/8/2020;20/8/2020
;1;Lithuania;MasksVoluntaryAllSpaces;23/3/2020;9/4/2020
;1;Lithuania;MasksVoluntaryAllSpaces;16/6/2020;31/7/2020
;3;Lithuania;MassGather50;12/3/2020;16/6/2020
;5;Lithuania;MassGather50;7/11/2020;18/4/2021
;5;Lithuania;MassGatherAll;12/3/2020;31/8/2020
;6;Lithuania;MassGatherAll;30/10/2020;18/4/2021
;1;Lithuania;MassGatherAllPartial;1/9/2020;29/10/2020
;1;Lithuania;NonEssentialShops;16/3/2020;22/4/2020
;2;Lithuania;NonEssentialShops;16/12/2020;14/2/2021
;8;Lithuania;NonEssentialShopsPartial;23/4/2020;15/12/2020
15;0;Lithuania;OutdoorOver100;1/6/2020;16/6/2020
;2;Lithuania;OutdoorOver100;1/9/2020;6/11/2020
;1;Lithuania;OutdoorOver1000;1/7/2020;31/8/2020
13;0;Lithuania;OutdoorOver500;17/6/2020;30/6/2020
;1;Lithuania;PlaceOfWorship;16/3/2020;26/4/2020
;2;Lithuania;PlaceOfWorshipPartial;27/4/2020;16/6/2020
;7;Lithuania;PlaceOfWorshipPartial;7/11/2020;30/6/2021
;1;Lithuania;PrivateGatheringRestrictions;7/11/2020;15/12/2020
;3;Lithuania;PrivateGatheringRestrictionsPartial;19/3/2020;8/6/2020
;15;Lithuania;QuarantineForInternationalTravellers;17/3/2020;13/6/2021
;1;Lithuania;QuarantineForInternationalTravellersPartial;24/2/2020;16/3/2020
;1;Lithuania;RestaurantsCafes;16/3/2020;22/4/2020
;5;Lithuania;RestaurantsCafes;7/11/2020;21/4/2021
;7;Lithuania;RestaurantsCafesPartial;23/4/2020;6/11/2020
;4;Lithuania;SocialCircle;16/12/2020;30/4/2021
;3;Lithuania;StayHomeGen;16/3/2020;16/6/2020
;1;Lithuania;StayHomeGen;7/11/2020;15/12/2020
;3;Lithuania;StayHomeOrder;16/12/2020;31/3/2021
;8;Lithuania;Teleworking;10/3/2020;6/11/2020
;7;Lithuania;TeleworkingPartial;7/11/2020;30/6/2021
;2;Luxembourg;ClosDaycare;16/3/2020;24/5/2020
;1;Luxembourg;ClosDaycare;28/12/2020;10/1/2021
;2;Luxembourg;ClosHigh;16/3/2020;24/5/2020
;1;Luxembourg;ClosHigh;28/12/2020;10/1/2021
;2;Luxembourg;ClosPrim;16/3/2020;24/5/2020
;1;Luxembourg;ClosPrim;28/12/2020;10/1/2021
;;Luxembourg;ClosPubAnyPartial;16/3/2020;
;2;Luxembourg;ClosSec;16/3/2020;4/5/2020
;1;Luxembourg;ClosSec;28/12/2020;10/1/2021
21;0;Luxembourg;ClosSecPartial;5/5/2020;26/5/2020
;3;Luxembourg;ClosureOfPublicTransportPartial;16/3/2020;8/6/2020
;2;Luxembourg;EntertainmentVenues;16/3/2020;10/5/2020
;2;Luxembourg;EntertainmentVenues;26/11/2020;15/1/2021
;6;Luxembourg;EntertainmentVenuesPartial;11/5/2020;25/11/2020
;2;Luxembourg;GymsSportsCentres;16/3/2020;29/5/2020
;2;Luxembourg;GymsSportsCentres;26/11/2020;10/1/2021
;2;Luxembourg;IndoorOver100;17/3/2020;10/5/2020
;8;Luxembourg;IndoorOver100;22/9/2020;15/5/2021
7;0;Luxembourg;IndoorOver1000;9/3/2020;16/3/2020
;4;Luxembourg;IndoorOver50;11/5/2020;21/9/2020
;;Luxembourg;MasksMandatoryAllSpacesPartial;18/3/2020;
;4;Luxembourg;MassGather50Partial;11/5/2020;21/9/2020
7;0;Luxembourg;MassGatherAll;9/3/2020;16/3/2020
;9;Luxembourg;MassGatherAll;22/9/2020;12/6/2021
;6;Luxembourg;MassGatherAllPartial;17/3/2020;21/9/2020
;1;Luxembourg;NonEssentialShops;16/3/2020;19/4/2020
;1;Luxembourg;NonEssentialShopsPartial;20/4/2020;11/5/2020
;;Luxembourg;NonEssentialShopsPartial;28/10/2020;
;9;Luxembourg;OutdoorOver100;22/9/2020;12/6/2021
;2;Luxembourg;OutdoorOver50;19/7/2020;21/9/2020
;4;Luxembourg;OutdoorOver500;17/3/2020;18/7/2020
;2;Luxembourg;PrivateGatheringRestrictions;16/3/2020;11/5/2020
;11;Luxembourg;PrivateGatheringRestrictions;19/7/2020;12/6/2021
;2;Luxembourg;RestaurantsCafes;16/3/2020;29/5/2020
;5;Luxembourg;RestaurantsCafes;27/11/2020;6/4/2021
;6;Luxembourg;RestaurantsCafesPartial;30/5/2020;26/11/2020
;1;Luxembourg;StayHomeOrder;18/3/2020;19/4/2020
;1;Luxembourg;StayHomeOrderPartial;20/4/2020;11/5/2020
;8;Luxembourg;StayHomeOrderPartial;30/10/2020;12/6/2021
;;Luxembourg;StayHomeRiskG;12/3/2020;
;;Luxembourg;Teleworking;13/3/2020;
;13;Malta;BanOnAllEvents;13/3/2020;25/4/2021
;3;Malta;ClosDaycare;13/3/2020;30/6/2020
;3;Malta;ClosHigh;13/3/2020;30/6/2020
;;Malta;ClosHigh;1/9/2020;
;3;Malta;ClosPrim;13/3/2020;30/6/2020
;2;Malta;ClosPubAny;18/3/2020;21/5/2020
;10;Malta;ClosPubAnyPartial;22/5/2020;10/3/2021
;3;Malta;ClosSec;13/3/2020;30/6/2020
;2;Malta;EntertainmentVenues;18/3/2020;21/5/2020
;7;Malta;EntertainmentVenuesPartial;17/8/2020;10/3/2021
;3;Malta;GymsSportsCentres;18/3/2020;2/6/2020
;9;Malta;GymsSportsCentresPartial;3/6/2020;10/3/2021
;13;Malta;MasksMandatoryAllSpaces;22/5/2020;30/6/2021
;13;Malta;MassGather50;13/3/2020;25/4/2021
;13;Malta;MassGatherAll;13/3/2020;25/4/2021
;2;Malta;NonEssentialShops;23/3/2020;21/5/2020
;10;Malta;NonEssentialShopsPartial;22/5/2020;9/3/2021
;7;Malta;PlaceOfWorship;20/8/2020;30/3/2021
;8;Malta;PrivateGatheringRestrictions;17/8/2020;25/4/2021
;;Malta;QuarantineForInternationalTravellers;13/3/2020;
;2;Malta;RestaurantsCafes;18/3/2020;21/5/2020
;10;Malta;RestaurantsCafesPartial;22/5/2020;10/3/2021
;3;Malta;StayHomeRiskG;28/3/2020;2/6/2020
;;Malta;Teleworking;8/5/2020;
;12;Netherlands;AdaptationOfWorkplace;25/3/2020;2/3/2021
;2;Netherlands;BanOnAllEvents;23/3/2020;31/5/2020
;7;Netherlands;BanOnAllEvents;4/11/2020;4/6/2021
;1;Netherlands;BanOnAllEventsPartial;14/10/2020;3/11/2020
;2;Netherlands;ClosDaycare;16/3/2020;10/5/2020
;2;Netherlands;ClosDaycare;16/12/2020;7/2/2021
;1;Netherlands;ClosDaycarePartial;8/6/2020;1/7/2020
;3;Netherlands;ClosHigh;12/3/2020;14/6/2020
;4;Netherlands;ClosHigh;16/12/2020;25/4/2021
;3;Netherlands;ClosHighPartial;15/6/2020;1/9/2020
;2;Netherlands;ClosPrim;16/3/2020;10/5/2020
;2;Netherlands;ClosPrim;16/12/2020;7/2/2021
;1;Netherlands;ClosPrimPartial;11/5/2020;8/6/2020
;15;Netherlands;ClosPubAnyPartial;12/3/2020;25/6/2021
;3;Netherlands;ClosSec;16/3/2020;1/6/2020
;2;Netherlands;ClosSec;16/12/2020;28/2/2021
28;0;Netherlands;ClosSecPartial;2/6/2020;30/6/2020
;2;Netherlands;ClosureOfPublicTransportPartial;12/3/2020;31/5/2020
;5;Netherlands;ClosureOfPublicTransportPartial;15/12/2020;18/5/2021
;2;Netherlands;EntertainmentVenues;12/3/2020;31/5/2020
;6;Netherlands;EntertainmentVenues;4/11/2020;18/5/2021
;5;Netherlands;EntertainmentVenuesPartial;1/6/2020;3/11/2020
;1;Netherlands;GymsSportsCentres;16/3/2020;28/4/2020
;5;Netherlands;GymsSportsCentres;15/12/2020;18/5/2021
;2;Netherlands;GymsSportsCentresPartial;29/4/2020;30/6/2020
;2;Netherlands;GymsSportsCentresPartial;14/10/2020;14/12/2020
10;0;Netherlands;IndoorOver100;12/3/2020;22/3/2020
;3;Netherlands;IndoorOver100;1/6/2020;28/9/2020
;1;Netherlands;IndoorOver50;29/9/2020;13/10/2020
;6;Netherlands;MasksMandatoryClosedSpaces;1/12/2020;25/6/2021
;4;Netherlands;MasksMandatoryClosedSpacesPartial;1/6/2020;4/10/2020
;1;Netherlands;MasksVoluntaryClosedSpacesPartial;5/10/2020;30/11/2020
;2;Netherlands;MassGather50;23/3/2020;31/5/2020
;1;Netherlands;MassGather50;29/9/2020;13/10/2020
;7;Netherlands;MassGather50;4/11/2020;4/6/2021
;1;Netherlands;MassGather50Partial;14/10/2020;3/11/2020
;3;Netherlands;MassGatherAll;12/3/2020;30/6/2020
;1;Netherlands;MassGatherAll;29/9/2020;13/10/2020
;7;Netherlands;MassGatherAll;4/11/2020;4/6/2021
;2;Netherlands;MassGatherAllPartial;1/7/2020;28/9/2020
;1;Netherlands;MassGatherAllPartial;14/10/2020;3/11/2020
;3;Netherlands;NonEssentialShops;15/12/2020;2/3/2021
10;0;Netherlands;OutdoorOver100;12/3/2020;22/3/2020
;1;Netherlands;OutdoorOver50;29/9/2020;13/10/2020
;2;Netherlands;OutdoorOver500;1/7/2020;28/9/2020
;2;Netherlands;PlaceOfWorship;16/3/2020;31/5/2020
29;0;Netherlands;PlaceOfWorshipPartial;1/6/2020;30/6/2020
;3;Netherlands;PrivateGatheringRestrictions;23/3/2020;30/6/2020
;10;Netherlands;PrivateGatheringRestrictions;18/8/2020;25/6/2021
;18;Netherlands;QuarantineForInternationalTravellers;14/3/2020;21/9/2021
;2;Netherlands;RestaurantsCafes;15/3/2020;31/5/2020
;6;Netherlands;RestaurantsCafes;14/10/2020;27/4/2021
29;0;Netherlands;RestaurantsCafesPartial;1/6/2020;30/6/2020
;1;Netherlands;RestaurantsCafesPartial;29/9/2020;13/10/2020
;2;Netherlands;StayHomeGen;18/3/2020;10/5/2020
;1;Netherlands;StayHomeGen;15/12/2020;22/1/2021
;1;Netherlands;StayHomeGenPartial;11/5/2020;1/6/2020
;1;Netherlands;StayHomeGenPartial;4/11/2020;14/12/2020
;3;Netherlands;StayHomeRiskG;13/3/2020;26/6/2020
;2;Netherlands;Teleworking;12/3/2020;31/5/2020
;10;Netherlands;Teleworking;18/8/2020;25/6/2021
;2;Netherlands;TeleworkingPartial;1/6/2020;17/8/2020
;2;Netherlands;WorkplaceClosures;23/3/2020;10/5/2020
;3;Netherlands;WorkplaceClosures;15/12/2020;2/3/2021
;2;Norway;BanOnAllEvents;12/3/2020;6/5/2020
;1;Norway;ClosDaycare;12/3/2020;20/4/2020
;3;Norway;ClosHigh;12/3/2020;14/6/2020
;2;Norway;ClosHighPartial;9/11/2020;3/1/2021
;1;Norway;ClosPrim;12/3/2020;26/4/2020
;2;Norway;ClosPubAny;12/3/2020;31/5/2020
;15;Norway;ClosPubAnyPartial;1/6/2020;25/9/2021
;2;Norway;ClosSec;12/3/2020;11/5/2020
;2;Norway;EntertainmentVenues;12/3/2020;31/5/2020
;7;Norway;EntertainmentVenuesPartial;1/6/2020;3/1/2021
;2;Norway;GymsSportsCentres;12/3/2020;14/5/2020
;1;Norway;IndoorOver50;7/5/2020;14/6/2020
;8;Norway;IndoorOver500;15/6/2020;18/2/2021
;18;Norway;MasksVoluntaryAllSpacesPartial;14/8/2020;12/2/2022
;3;Norway;MassGather50;12/3/2020;14/6/2020
;3;Norway;MassGatherAll;12/3/2020;14/6/2020
;7;Norway;MassGatherAll;12/10/2020;26/5/2021
;4;Norway;MassGatherAllPartial;15/6/2020;11/10/2020
;1;Norway;OutdoorOver50;7/5/2020;14/6/2020
;9;Norway;OutdoorOver500;15/6/2020;24/3/2021
;15;Norway;PrivateGatheringRestrictions;2/6/2020;25/9/2021
;8;Norway;QuarantineForInternationalTravellers;15/7/2020;5/3/2021
;2;Norway;QuarantineForInternationalTravellersPartial;7/5/2020;14/7/2020
;2;Norway;RestaurantsCafes;12/3/2020;31/5/2020
;15;Norway;RestaurantsCafesPartial;1/6/2020;25/9/2021
;2;Norway;StayHomeGen;5/11/2020;3/1/2021
;3;Norway;StayHomeRiskG;12/3/2020;1/6/2020
;15;Norway;Teleworking;10/3/2020;17/6/2021
;;Poland;AdaptationOfWorkplace;2/4/2020;
;2;Poland;BanOnAllEvents;14/3/2020;3/5/2020
;6;Poland;BanOnAllEvents;7/11/2020;7/5/2021
;1;Poland;BanOnAllEventsPartial;17/7/2020;6/8/2020
;2;Poland;ClosDaycare;12/3/2020;6/5/2020
;2;Poland;ClosHigh;12/3/2020;24/5/2020
;3;Poland;ClosHighPartial;25/5/2020;31/8/2020
;;Poland;ClosHighPartial;1/10/2020;
;2;Poland;ClosPrim;12/3/2020;24/5/2020
;2;Poland;ClosPrim;10/11/2020;17/1/2021
;1;Poland;ClosPrimPartial;25/5/2020;30/6/2020
;1;Poland;ClosPrimPartial;24/10/2020;9/11/2020
0;0;Poland;ClosPubAny;14/3/2020;14/3/2020
;;Poland;ClosPubAnyPartial;15/3/2020;
;2;Poland;ClosSec;12/3/2020;24/5/2020
;7;Poland;ClosSec;24/10/2020;14/5/2021
;1;Poland;ClosSecPartial;25/5/2020;30/6/2020
;1;Poland;ClosSecPartial;1/9/2020;23/10/2020
;15;Poland;ClosureOfPublicTransportPartial;15/3/2020;26/6/2021
;3;Poland;EntertainmentVenues;14/3/2020;6/6/2020
;3;Poland;EntertainmentVenues;24/10/2020;31/1/2021
;4;Poland;EntertainmentVenuesPartial;7/6/2020;23/10/2020
;3;Poland;GymsSportsCentres;14/3/2020;4/6/2020
;2;Poland;GymsSportsCentresPartial;5/6/2020;6/8/2020
;2;Poland;HotelsOtherAccommodation;14/3/2020;4/5/2020
;;Poland;HotelsOtherAccommodationPartial;24/10/2020;
6;0;Poland;IndoorOver100;10/10/2020;16/10/2020
;1;Poland;IndoorOver50;23/10/2020;6/11/2020
3;0;Poland;IndoorOver500;10/3/2020;13/3/2020
;2;Poland;IndoorOver500;7/8/2020;9/10/2020
;1;Poland;MasksMandatoryAllSpaces;16/4/2020;29/5/2020
;7;Poland;MasksMandatoryAllSpaces;10/10/2020;14/5/2021
;4;Poland;MasksMandatoryClosedSpacesPartial;30/5/2020;18/9/2020
;2;Poland;MassGather50;14/3/2020;3/5/2020
;7;Poland;MassGather50;23/10/2020;7/5/2021
;1;Poland;MassGather50Partial;17/7/2020;6/8/2020
;2;Poland;MassGatherAll;10/3/2020;3/5/2020
;1;Poland;MassGatherAll;30/5/2020;18/6/2020
;7;Poland;MassGatherAll;23/10/2020;7/5/2021
;4;Poland;MassGatherAllPartial;19/6/2020;16/10/2020
;2;Poland;NonEssentialShops;14/3/2020;17/5/2020
;2;Poland;NonEssentialShops;7/11/2020;31/1/2021
;2;Poland;OutdoorOver100;30/5/2020;16/7/2020
;2;Poland;OutdoorOver500;7/8/2020;10/10/2020
;1;Poland;PlaceOfWorshipPartial;19/4/2020;30/5/2020
;;Poland;PlaceOfWorshipPartial;9/8/2020;
;1;Poland;PrivateGatheringRestrictions;2/4/2020;29/5/2020
;7;Poland;PrivateGatheringRestrictions;17/10/2020;7/5/2021
;;Poland;QuarantineForInternationalTravellers;15/3/2020;
;2;Poland;RestaurantsCafes;14/3/2020;17/5/2020
;7;Poland;RestaurantsCafes;24/10/2020;14/5/2021
11;0;Poland;RestaurantsCafesPartial;18/5/2020;29/5/2020
;1;Poland;StayHomeGen;20/4/2020;4/5/2020
;1;Poland;StayHomeOrder;24/3/2020;19/4/2020
;;Poland;StayHomeRiskG;8/3/2020;
;;Poland;Teleworking;8/3/2020;
;11;Portugal;BanOnAllEvents;4/5/2020;15/4/2021
;2;Portugal;ClosDaycare;16/3/2020;17/5/2020
13;0;Portugal;ClosDaycarePartial;18/5/2020;31/5/2020
;2;Portugal;ClosHigh;16/3/2020;17/5/2020
;4;Portugal;ClosHighPartial;18/5/2020;7/9/2020
;6;Portugal;ClosPrim;16/3/2020;14/9/2020
4;0;Portugal;ClosPubAny;13/3/2020;17/3/2020
;;Portugal;ClosPubAnyPartial;18/3/2020;
;2;Portugal;ClosSec;16/3/2020;17/5/2020
;4;Portugal;ClosSecPartial;18/5/2020;14/9/2020
;17;Portugal;ClosureOfPublicTransportPartial;18/3/2020;22/8/2021
;2;Portugal;EntertainmentVenues;13/3/2020;17/5/2020
;1;Portugal;EntertainmentVenuesPartial;18/5/2020;1/6/2020
;2;Portugal;EntertainmentVenuesPartial;24/11/2020;14/1/2021
;2;Portugal;GymsSportsCentres;15/3/2020;3/5/2020
;6;Portugal;GymsSportsCentresPartial;4/5/2020;23/11/2020
;2;Portugal;IndoorOver100;15/3/2020;3/5/2020
;11;Portugal;MasksMandatoryAllSpaces;28/10/2020;30/9/2021
;5;Portugal;MasksMandatoryClosedSpaces;4/5/2020;27/10/2020
12;0;Portugal;MasksVoluntaryAllSpaces;15/10/2020;27/10/2020
;11;Portugal;MassGather50;4/5/2020;15/4/2021
;13;Portugal;MassGatherAll;15/3/2020;15/4/2021
;2;Portugal;NonEssentialShops;15/3/2020;3/5/2020
;6;Portugal;NonEssentialShopsPartial;4/5/2020;23/11/2020
;2;Portugal;OutdoorOver100;15/3/2020;3/5/2020
;2;Portugal;PlaceOfWorship;13/3/2020;30/5/2020
;13;Portugal;PrivateGatheringRestrictions;3/5/2020;28/6/2021
;1;Portugal;QuarantineForInternationalTravellers;27/2/2020;17/3/2020
;1;Portugal;RegionalStayHomeOrder;2/4/2020;3/5/2020
;2;Portugal;RestaurantsCafes;15/3/2020;31/5/2020
;4;Portugal;RestaurantsCafes;15/11/2020;31/3/2021
;2;Portugal;StayHomeOrder;19/3/2020;2/5/2020
;2;Portugal;StayHomeRiskG;18/3/2020;2/5/2020
;2;Portugal;Teleworking;16/3/2020;31/5/2020
;4;Portugal;TeleworkingPartial;1/6/2020;22/10/2020
;;Romania;AdaptationOfWorkplace;16/3/2020;
;3;Romania;ClosDaycare;16/3/2020;14/6/2020
;1;Romania;ClosDaycare;9/11/2020;23/12/2020
;3;Romania;ClosDaycarePartial;15/6/2020;14/9/2020
;3;Romania;ClosHigh;16/3/2020;14/6/2020
;7;Romania;ClosHighPartial;31/8/2020;5/3/2021
;3;Romania;ClosPrim;16/3/2020;14/6/2020
;1;Romania;ClosPrim;9/11/2020;23/12/2020
;3;Romania;ClosPrimPartial;15/6/2020;14/9/2020
;2;Romania;ClosPubAny;18/3/2020;13/5/2020
;;Romania;ClosPubAnyPartial;14/5/2020;
;3;Romania;ClosSec;16/3/2020;1/6/2020
;1;Romania;ClosSec;9/11/2020;23/12/2020
;3;Romania;ClosSecPartial;2/6/2020;13/9/2020
;2;Romania;EntertainmentVenues;18/3/2020;13/5/2020
;;Romania;EntertainmentVenuesPartial;14/5/2020;
;2;Romania;GymsSportsCentres;18/3/2020;30/5/2020
;1;Romania;GymsSportsCentresPartial;31/5/2020;14/6/2020
;2;Romania;HotelsOtherAccommodation;18/3/2020;15/5/2020
;9;Romania;IndoorOver50;1/9/2020;8/6/2021
;9;Romania;MasksMandatoryAllSpaces;1/8/2020;14/5/2021
;2;Romania;MasksMandatoryClosedSpaces;15/5/2020;31/7/2020
;9;Romania;MassGather50;1/9/2020;8/6/2021
;14;Romania;MassGatherAll;18/3/2020;31/5/2021
;2;Romania;NonEssentialShops;22/3/2020;13/5/2020
;1;Romania;NonEssentialShopsPartial;14/5/2020;14/6/2020
;6;Romania;NonEssentialShopsPartial;5/11/2020;14/5/2021
;5;Romania;OutdoorOver500;18/3/2020;31/8/2020
;2;Romania;PlaceOfWorship;18/3/2020;14/5/2020
;;Romania;PlaceOfWorshipPartial;15/5/2020;
;;Romania;PrivateGatheringRestrictions;22/3/2020;
;5;Romania;QuarantineForInternationalTravellers;25/3/2020;16/8/2020
;;Romania;QuarantineForInternationalTravellersPartial;17/8/2020;
;2;Romania;RestaurantsCafes;18/3/2020;31/5/2020
;;Romania;RestaurantsCafesPartial;1/6/2020;
;2;Romania;StayHomeOrderPartial;22/3/2020;13/5/2020
;6;Romania;StayHomeOrderPartial;9/11/2020;14/5/2021
;2;Romania;StayHomeRiskG;25/3/2020;14/5/2020
;19;Romania;Teleworking;16/3/2020;24/10/2021
;3;Slovakia;BanOnAllEvents;10/3/2020;3/6/2020
12;0;Slovakia;BanOnAllEventsPartial;2/11/2020;14/11/2020
;4;Slovakia;BanOnAllEventsPartial;30/12/2020;28/4/2021
;2;Slovakia;ClosDaycare;16/3/2020;31/5/2020
29;0;Slovakia;ClosDaycarePartial;1/6/2020;30/6/2020
;3;Slovakia;ClosHigh;16/3/2020;9/6/2020
;14;Slovakia;ClosHighPartial;10/6/2020;30/8/2021
;2;Slovakia;ClosPrim;30/3/2020;31/5/2020
29;0;Slovakia;ClosPrimPartial;1/6/2020;30/6/2020
;6;Slovakia;ClosPrimPartial;12/10/2020;11/4/2021
;2;Slovakia;ClosPubAnyPartial;12/3/2020;20/5/2020
;;Slovakia;ClosPubAnyPartial;1/10/2020;
;2;Slovakia;ClosSec;16/3/2020;31/5/2020
;1;Slovakia;ClosSec;12/10/2020;15/11/2020
29;0;Slovakia;ClosSecPartial;1/6/2020;30/6/2020
;10;Slovakia;ClosSecPartial;16/11/2020;2/9/2021
;2;Slovakia;EntertainmentVenues;16/3/2020;20/5/2020
;1;Slovakia;EntertainmentVenues;15/10/2020;15/11/2020
;4;Slovakia;EntertainmentVenues;19/12/2020;26/4/2021
;1;Slovakia;EntertainmentVenuesPartial;16/11/2020;18/12/2020
;2;Slovakia;GymsSportsCentres;16/3/2020;20/5/2020
;1;Slovakia;GymsSportsCentres;15/10/2020;15/11/2020
;4;Slovakia;GymsSportsCentres;19/12/2020;25/4/2021
;1;Slovakia;GymsSportsCentresPartial;16/11/2020;18/12/2020
;2;Slovakia;HotelsOtherAccommodationPartial;12/3/2020;20/5/2020
17;0;Slovakia;HotelsOtherAccommodationPartial;14/12/2020;31/12/2020
10;0;Slovakia;IndoorOver100;4/6/2020;14/6/2020
;2;Slovakia;IndoorOver1000;15/6/2020;31/8/2020
29;0;Slovakia;IndoorOver500;1/9/2020;30/9/2020
;3;Slovakia;MasksMandatoryAllSpaces;25/3/2020;9/6/2020
;;Slovakia;MasksMandatoryAllSpacesPartial;1/10/2020;
;3;Slovakia;MasksMandatoryClosedSpaces;10/6/2020;30/9/2020
;3;Slovakia;MassGather50;10/3/2020;3/6/2020
12;0;Slovakia;MassGather50Partial;2/11/2020;14/11/2020
;4;Slovakia;MassGather50Partial;30/12/2020;28/4/2021
;6;Slovakia;MassGatherAll;10/3/2020;30/9/2020
12;0;Slovakia;MassGatherAllPartial;2/11/2020;14/11/2020
;4;Slovakia;MassGatherAllPartial;30/12/2020;28/4/2021
;1;Slovakia;NonEssentialShops;16/3/2020;21/4/2020
;1;Slovakia;NonEssentialShopsPartial;22/4/2020;20/5/2020
;13;Slovakia;NonEssentialShopsPartial;1/10/2020;24/11/2021
10;0;Slovakia;OutdoorOver100;4/6/2020;14/6/2020
;3;Slovakia;OutdoorOver1000;15/6/2020;30/9/2020
;;Slovakia;QuarantineForInternationalTravellersPartial;12/3/2020;
;2;Slovakia;RestaurantsCafesPartial;12/3/2020;20/5/2020
;2;Slovakia;RestaurantsCafesPartial;1/10/2020;31/12/2020
12;0;Slovakia;StayHomeOrderPartial;2/11/2020;14/11/2020
;5;Slovakia;Teleworking;2/11/2020;18/4/2021
;2;Slovenia;BanOnAllEventsPartial;19/3/2020;4/5/2020
;5;Slovenia;BanOnAllEventsPartial;17/10/2020;31/3/2021
;2;Slovenia;ClosDaycare;12/3/2020;17/5/2020
;4;Slovenia;ClosDaycare;26/10/2020;2/2/2021
;1;Slovenia;ClosDaycarePartial;18/5/2020;1/6/2020
;7;Slovenia;ClosHigh;12/3/2020;14/10/2020
;3;Slovenia;ClosHigh;24/10/2020;25/1/2021
8;0;Slovenia;ClosHighPartial;15/10/2020;23/10/2020
;2;Slovenia;ClosPrim;12/3/2020;17/5/2020
;4;Slovenia;ClosPrim;24/10/2020;15/2/2021
;1;Slovenia;ClosPrimPartial;18/5/2020;1/6/2020
;1;Slovenia;ClosPubAny;14/3/2020;28/4/2020
;;Slovenia;ClosPubAnyPartial;29/4/2020;
;2;Slovenia;ClosSec;12/3/2020;17/5/2020
;4;Slovenia;ClosSec;19/10/2020;14/2/2021
;1;Slovenia;ClosSecPartial;18/5/2020;24/6/2020
;1;Slovenia;ClosureOfPublicTransport;14/3/2020;30/4/2020
;1;Slovenia;ClosureOfPublicTransport;16/11/2020;15/12/2020
;1;Slovenia;EntertainmentVenues;16/3/2020;28/4/2020
;8;Slovenia;EntertainmentVenuesPartial;29/4/2020;18/12/2020
;2;Slovenia;GymsSportsCentres;15/3/2020;17/5/2020
;1;Slovenia;GymsSportsCentresPartial;18/5/2020;1/6/2020
8;0;Slovenia;IndoorOver100;10/3/2020;18/3/2020
26;0;Slovenia;IndoorOver100;5/5/2020;31/5/2020
2;0;Slovenia;IndoorOver500;7/3/2020;9/3/2020
;;Slovenia;MasksMandatoryAllSpacesPartial;25/6/2020;
;3;Slovenia;MasksMandatoryClosedSpaces;30/3/2020;11/6/2020
13;0;Slovenia;MassGather50;18/5/2020;31/5/2020
;2;Slovenia;MassGather50Partial;19/3/2020;4/5/2020
;5;Slovenia;MassGather50Partial;17/10/2020;31/3/2021
11;0;Slovenia;MassGatherAll;7/3/2020;18/3/2020
;1;Slovenia;MassGatherAll;5/5/2020;14/6/2020
;2;Slovenia;MassGatherAllPartial;19/3/2020;4/5/2020
;5;Slovenia;MassGatherAllPartial;17/10/2020;31/3/2021
;1;Slovenia;NonEssentialShops;15/3/2020;20/4/2020
;2;Slovenia;NonEssentialShops;24/10/2020;14/12/2020
;;Slovenia;NonEssentialShopsPartial;15/12/2020;
13;0;Slovenia;OutdoorOver50;18/5/2020;31/5/2020
7;0;Slovenia;OutdoorOver500;10/3/2020;17/3/2020
13;0;Slovenia;OutdoorOver500;1/6/2020;14/6/2020
;2;Slovenia;PrivateGatheringRestrictions;19/3/2020;17/5/2020
;5;Slovenia;PrivateGatheringRestrictions;13/11/2020;11/4/2021
;1;Slovenia;PrivateGatheringRestrictionsPartial;14/10/2020;12/11/2020
;;Slovenia;QuarantineForInternationalTravellers;4/4/2020;
;2;Slovenia;RestaurantsCafes;15/3/2020;17/5/2020
;5;Slovenia;RestaurantsCafesPartial;17/10/2020;31/3/2021
;6;Slovenia;StayHomeOrderPartial;20/10/2020;12/4/2021
;;Slovenia;Teleworking;4/3/2020;
;2;Slovenia;WorkplaceClosures;15/3/2020;4/5/2020
1;0;Spain;AdaptationOfWorkplace;11/4/2020;12/4/2020
;3;Spain;BanOnAllEvents;14/3/2020;1/6/2020
;;Spain;BanOnAllEventsPartial;1/10/2020;
;5;Spain;ClosDaycare;12/3/2020;27/8/2020
;5;Spain;ClosHigh;12/3/2020;27/8/2020
;;Spain;ClosHighPartial;15/9/2020;
;5;Spain;ClosPrim;12/3/2020;27/8/2020
;;Spain;ClosPubAnyPartial;14/3/2020;
;5;Spain;ClosSec;12/3/2020;27/8/2020
;14;Spain;ClosureOfPublicTransportPartial;14/3/2020;9/5/2021
;2;Spain;EntertainmentVenues;14/3/2020;10/5/2020
;10;Spain;EntertainmentVenues;14/8/2020;1/6/2021
;1;Spain;EntertainmentVenuesPartial;11/5/2020;20/6/2020
;3;Spain;GymsSportsCentres;14/3/2020;20/6/2020
;2;Spain;HotelsOtherAccommodation;14/3/2020;31/5/2020
19;0;Spain;HotelsOtherAccommodationPartial;1/6/2020;20/6/2020
19;0;Spain;IndoorOver100;2/6/2020;21/6/2020
;10;Spain;MasksMandatoryAllSpacesPartial;21/5/2020;29/3/2021
16;0;Spain;MasksMandatoryClosedSpaces;4/5/2020;20/5/2020
;2;Spain;MasksVoluntaryClosedSpaces;13/3/2020;3/5/2020
;3;Spain;MassGather50;14/3/2020;1/6/2020
;;Spain;MassGather50Partial;1/10/2020;
;3;Spain;MassGatherAll;14/3/2020;21/6/2020
;;Spain;MassGatherAllPartial;1/10/2020;
;3;Spain;NonEssentialShops;14/3/2020;21/6/2020
19;0;Spain;OutdoorOver1000;2/6/2020;21/6/2020
;3;Spain;PlaceOfWorshipPartial;14/3/2020;21/6/2020
;7;Spain;PlaceOfWorshipPartial;25/10/2020;9/5/2021
;7;Spain;PrivateGatheringRestrictionsPartial;25/10/2020;9/5/2021
;5;Spain;QuarantineForInternationalTravellers;25/2/2020;1/7/2020
;8;Spain;RegionalStayHomeOrderPartial;25/10/2020;7/6/2021
;2;Spain;RestaurantsCafes;14/3/2020;3/5/2020
;4;Spain;RestaurantsCafesPartial;4/5/2020;30/9/2020
;;Spain;RestaurantsCafesPartial;19/10/2020;
1;0;Spain;SocialCirclePartial;27/8/2020;28/8/2020
4;0;Spain;StayHomeGen;9/3/2020;13/3/2020
;2;Spain;StayHomeOrder;14/3/2020;3/5/2020
7;0;Spain;StayHomeOrderPartial;4/5/2020;11/5/2020
1;0;Spain;StayHomeRiskG;12/3/2020;13/3/2020
;1;Spain;Teleworking;9/3/2020;12/4/2020
;5;Sweden;AdaptationOfWorkplace;8/7/2020;31/12/2020
;4;Sweden;AdaptationOfWorkplacePartial;25/3/2020;7/7/2020
;14;Sweden;ClosHigh;17/3/2020;31/5/2021
;14;Sweden;ClosPubAnyPartial;1/7/2020;28/9/2021
;3;Sweden;ClosSec;18/3/2020;15/6/2020
;1;Sweden;ClosSec;7/12/2020;6/1/2021
;1;Sweden;ClosSecPartial;23/11/2020;6/12/2020
;18;Sweden;IndoorOver500;12/3/2020;29/9/2021
;14;Sweden;MassGather50;29/3/2020;31/5/2021
;18;Sweden;MassGatherAll;12/3/2020;29/9/2021
;14;Sweden;OutdoorOver50;29/3/2020;31/5/2021
;10;Sweden;PrivateGatheringRestrictions;30/11/2020;29/9/2021
;14;Sweden;RestaurantsCafesPartial;1/7/2020;28/9/2021
;6;Sweden;StayHomeRiskG;1/4/2020;22/10/2020
;;Sweden;Teleworking;16/3/2020;
